id_turn;start_time;end_time;name;gender;id_episode;id_show
3892;4.968;7.369;Guillaume_VANHEMS;male;38;8
3893;7.369;12.886;unk_255;female;38;8
3894;12.886;33.6;Guillaume_VANHEMS;male;38;8
3895;34.33;44.205;Guillaume_VANHEMS;male;38;8
3896;44.909;62.792;Guillaume_VANHEMS;male;38;8
3897;64.058;65.387;Guillaume_VANHEMS;male;38;8
3898;65.387;151.983;Pascal_LE_GUERN;male;38;8
3899;151.983;193.438;Laurence_SIMON;female;38;8
3900;193.438;233.598;Pascal_LE_GUERN;male;38;8
3901;235.753;236.988;unk_255;female;38;8
3902;238.143;239.242;unk_255;female;38;8
3903;239.871;240.511;Pascal_LE_GUERN;male;38;8
3904;240.511;258.077;Pascal_LE_GUERN;male;38;8
3905;258.077;298.007;Lise_JOLLY;female;38;8
3906;298.007;323.902;Pascal_LE_GUERN;male;38;8
3907;323.902;353.722;unk_256;female;38;8
3908;353.722;386.531;Pascal_LE_GUERN;male;38;8
3909;386.531;429.651;Vincent_RODRIGUEZ;male;38;8
3910;429.651;445.874;Pascal_LE_GUERN;male;38;8
3911;447.251;448.208;Pascal_LE_GUERN;male;38;8
3912;448.208;492.7;Guillaume_VANHEMS;male;38;8
3913;495.783;502.675;unk_257;female;38;8
3914;504.307;505.379;unk_257;female;38;8
3915;507.205;507.696;Joel_COLLADO;male;38;8
3916;507.696;558.241;Joel_COLLADO;male;38;8
3917;560.75;561.627;unk_258;female;38;8
3918;565.071;565.912;Guillaume_VANHEMS;male;38;8
3919;565.912;571.768;Guillaume_VANHEMS;male;38;8
3920;571.768;595.765;Richard_PLACE;male;38;8
3921;595.765;615.121;Peter_VAN_PETEGEM;male;38;8
3922;615.121;641.838;Richard_PLACE;male;38;8
3923;641.838;669.218;Daniel_BAAL;male;38;8
3924;669.218;676.436;Richard_PLACE;male;38;8
3925;678.441;679.193;unk_259;female;38;8
3926;680.158;684.353;unk_259;female;38;8
3927;684.353;706.308;Guillaume_VANHEMS;male;38;8
3928;706.308;770.571;Catherine_MONET;female;38;8
3929;770.571;778.371;Guillaume_VANHEMS;male;38;8
3930;779.243;826.586;Catherine_MONET;female;38;8
3931;826.586;842.076;Guillaume_VANHEMS;male;38;8
3932;842.741;884.721;Catherine_MONET;female;38;8
3933;884.721;901.312;Guillaume_VANHEMS;male;38;8
3934;904.027;905.43;unk_260;female;38;8
3935;907.068;907.995;unk_260;female;38;8
3936;910.551;912.462;Alain_ALLINANT;male;38;8
3937;912.462;915.054;unk_261;male;38;8
3938;915.054;924.147;Alain_ALLINANT;male;38;8
3939;924.147;926.448;Alain_ALLINANT;male;38;8
3940;926.448;930.004;unk_261;male;38;8
3941;932.088;934.409;Guillaume_VANHEMS;male;38;8
3942;934.409;1004.471;Pascal_LE_GUERN;male;38;8
3943;1006.852;1007.651;Pascal_LE_GUERN;male;38;8
3944;1007.651;1009.245;Guillaume_VANHEMS;male;38;8
3945;1009.245;1046.171;Guillaume_VANHEMS;male;38;8
3946;1046.171;1078.257;Benedicte_TASSART;female;38;8
3947;1078.257;1113.408;Gerard_ASCHIERI;male;38;8
3948;1113.408;1117.421;Benedicte_TASSART;female;38;8
3949;1117.421;1158.191;Yves_DURAND;male;38;8
3950;1158.191;1166.512;Benedicte_TASSART;female;38;8
3951;1169.289;1170.652;unk_262;female;38;8
3952;1172.142;1173.552;unk_262;female;38;8
3953;1173.552;1174.333;Emmanuelle_DAVIET;female;38;8
3954;1174.333;1203.604;Emmanuelle_DAVIET;female;38;8
3955;1203.604;1223.154;Marie-Jeanne_HUSSET;female;38;8
3956;1223.154;1225.014;Emmanuelle_DAVIET;female;38;8
3957;1225.014;1251.015;Marie-Jeanne_HUSSET;female;38;8
3958;1251.015;1252.64;Emmanuelle_DAVIET;female;38;8
3959;1252.64;1274.588;Marie-Jeanne_HUSSET;female;38;8
3960;1274.588;1280.01;Emmanuelle_DAVIET;female;38;8
3961;1283.935;1284.909;unk_263;female;38;8
3962;1286.183;1287.351;Guillaume_VANHEMS;male;38;8
3963;1287.351;1305.364;Guillaume_VANHEMS;male;38;8
3964;1326.142;1329.96;Bernard_STEPHANE;male;38;8
3965;1329.96;1340.591;Bernard_STEPHANE;male;38;8
3966;1340.591;1379.356;Michel_LEGRAND;male;38;8
3967;1379.356;1388.642;Bernard_STEPHANE;male;38;8
3968;1388.642;1393.688;Michel_LEGRAND;male;38;8
3969;1393.688;1397.645;Michel_LEGRAND;male;38;8
3970;1414.266;1420.374;Guillaume_VANHEMS;male;38;8
3971;1420.374;1427.582;Guillaume_VANHEMS;male;38;8
3972;1430.139;1433.648;Guillaume_VANHEMS;male;38;8
3973;1433.648;1500.827;Pascal_LE_GUERN;male;38;8
3974;1503.395;1529.413;Guillaume_VANHEMS;male;38;8
3975;1529.413;1553.708;Sophie_VAUDIN;female;38;8
3976;1553.708;1572.564;Bruno_CHAUTEMPS;male;38;8
3977;1572.564;1599.996;Sophie_VAUDIN;female;38;8
3978;1599.996;1628.086;Michel_LOYONS;male;38;8
3979;1628.086;1643.923;Sophie_VAUDIN;female;38;8
3980;1645.217;1651.868;unk_264;female;38;8
3981;1652.954;1653.878;Guillaume_VANHEMS;male;38;8
3982;1653.878;1658.276;Guillaume_VANHEMS;male;38;8
3983;1658.276;1772.077;Jean-Pierre_GAILLARD;male;38;8
3984;1772.077;1774.13;Guillaume_VANHEMS;male;38;8
3985;1774.13;1805.179;Jean-Pierre_GAILLARD;male;38;8
3986;1805.179;1808.287;Guillaume_VANHEMS;male;38;8
3987;1813.2;1816.466;Guillaume_VANHEMS;male;38;8
3988;1816.466;1838.491;Anne_CHEPEAU;female;38;8
3989;1838.491;1881.625;Lionel_THOMPSON;male;38;8
3990;1881.625;1984.213;Anne_CHEPEAU;female;38;8
3991;1984.213;2029.006;Quentin_DICKINSON;male;38;8
3992;2029.006;2031.401;Anne_CHEPEAU;female;38;8
3993;2033.312;2034.615;unk_255;female;38;8
3994;2036.11;2036.949;unk_255;female;38;8
3995;2037.755;2038.722;Anne_CHEPEAU;female;38;8
3996;2038.722;2073.022;Anne_CHEPEAU;female;38;8
3997;2073.022;2121.337;Francois_ZANINI;male;38;8
3998;2121.337;2136.466;Anne_CHEPEAU;female;38;8
3999;2139.357;2140.573;Anne_CHEPEAU;female;38;8
4000;2140.573;2153.543;Anne_CHEPEAU;female;38;8
4001;2153.543;2187.949;Stephane_IGLESIS;male;38;8
4002;2187.949;2270.031;Anne_CHEPEAU;female;38;8
4003;2271.734;2272.634;Anne_CHEPEAU;female;38;8
4004;2272.634;2305.041;Guillaume_VANHEMS;male;38;8
4005;2308.0;2314.557;unk_257;female;38;8
4006;2316.464;2317.469;unk_257;female;38;8
4007;2318.93;2320.336;Joel_COLLADO;male;38;8
4008;2320.336;2370.131;Joel_COLLADO;male;38;8
4009;2372.466;2373.39;unk_258;female;38;8
4010;2376.935;2378.127;Guillaume_VANHEMS;male;38;8
4011;2378.127;2387.71;Guillaume_VANHEMS;male;38;8
4012;2387.71;2537.211;Fabrice_ABGRALL;male;38;8
4013;2539.263;2540.008;unk_259;female;38;8
4014;2540.99;2544.997;unk_259;female;38;8
4015;2544.997;2569.511;Guillaume_VANHEMS;male;38;8
4016;2569.511;2583.306;Isabelle_LABEYRIE;female;38;8
4017;2583.306;2594.738;Mohamed_BECHARI;male;38;8
4018;2594.738;2623.932;Isabelle_LABEYRIE;female;38;8
4019;2623.932;2646.88;Fouad_ALAOUI;male;38;8
4020;2646.88;2656.436;Isabelle_LABEYRIE;female;38;8
4021;2656.436;2669.245;Dalil_BOUBAKEUR;male;38;8
4022;2669.245;2677.969;Isabelle_LABEYRIE;female;38;8
4023;2681.561;2688.877;unk_265;female;38;8
4024;2689.831;2701.854;unk_265;female;38;8
4025;2703.365;2710.692;unk_265;female;38;8
4026;2713.962;2716.189;Guillaume_VANHEMS;male;38;8
4027;2716.189;2795.642;Anne_CHEPEAU;female;38;8
4028;2799.46;2801.244;Anne_CHEPEAU;female;38;8
4029;2801.244;2802.309;Anne_CHEPEAU;female;38;8
4030;2802.309;2828.185;Guillaume_VANHEMS;male;38;8
4031;2828.185;2856.689;Antoine_BASBOUS;male;38;8
4032;2856.689;2860.104;Marie-Ange_LESCURE;female;38;8
4033;2860.104;2883.109;Antoine_BASBOUS;male;38;8
4034;2883.109;2884.835;Marie-Ange_LESCURE;female;38;8
4035;2884.835;2904.91;Antoine_BASBOUS;male;38;8
4036;2904.91;2911.734;Marie-Ange_LESCURE;female;38;8
4037;2911.734;2950.837;Antoine_BASBOUS;male;38;8
4038;2950.837;2956.588;Guillaume_VANHEMS;male;38;8
4039;2962.361;2963.037;unk_266;female;38;8
4040;2964.313;2965.352;unk_266;female;38;8
4041;2966.889;2967.206;unk_267;male;38;8
4042;2968.257;2995.313;Florence_LEROY;female;38;8
4043;2995.313;2996.202;Renaud_CHANTEUR;male;38;8
4044;3003.181;3026.571;Florence_LEROY;female;38;8
4045;3026.571;3042.358;Renaud_CHANTEUR;male;38;8
4046;3042.358;3059.182;Renaud_CHANTEUR;male;38;8
4047;3068.214;3069.429;unk_268;male;38;8
4048;3069.429;3087.463;Florence_LEROY;female;38;8
4049;3089.741;3090.903;unk_269;female;38;8
4050;3094.132;3095.493;unk_269;female;38;8
4051;3096.854;3110.272;Marie-Odile_MONCHICOURT;female;38;8
4052;3110.272;3187.587;Gerard_FRIEDLANDER;male;38;8
4053;3187.587;3192.761;Marie-Odile_MONCHICOURT;female;38;8
4054;3192.761;3206.942;Gerard_FRIEDLANDER;male;38;8
4055;3206.942;3211.925;Marie-Odile_MONCHICOURT;female;38;8
4056;3216.121;3219.65;Guillaume_VANHEMS;male;38;8
4057;3219.65;3310.285;Anne_CHEPEAU;female;38;8
4058;3312.29;3313.364;Guillaume_VANHEMS;male;38;8
4059;3313.364;3322.306;Guillaume_VANHEMS;male;38;8
4060;3322.306;3437.909;Pascal_DELANNOY;male;38;8
4061;3445.269;3446.813;unk_260;female;38;8
4062;3447.794;3448.712;unk_260;female;38;8
4063;3454.074;3462.57;unk_264;female;38;8
4064;3463.006;3463.529;Jean-Pierre_GAILLARD;male;38;8
4065;3463.529;3496.568;Jean-Pierre_GAILLARD;male;38;8
4066;3496.568;3507.285;Patrick_LEGUIL;male;38;8
4067;3507.285;3507.581;Jean-Pierre_GAILLARD;male;38;8
4068;3507.581;3519.234;Patrick_LEGUIL;male;38;8
4069;3519.234;3520.651;Jean-Pierre_GAILLARD;male;38;8
4070;3520.651;3548.393;Patrick_LEGUIL;male;38;8
4071;3548.393;3549.646;multi_spk;NA;38;8
4072;3549.646;3586.786;Patrick_LEGUIL;male;38;8
4073;3586.786;3589.411;Jean-Pierre_GAILLARD;male;38;8
4074;3589.411;3593.829;Patrick_LEGUIL;male;38;8
4075;3593.829;3595.74;Jean-Pierre_GAILLARD;male;38;8
4076;3601.733;3603.74;Guillaume_VANHEMS;male;38;8
4077;5.141;6.758;unk_270;female;39;8
4078;10.064;11.078;unk_270;female;39;8
4079;20.37;21.941;unk_271;male;39;8
4080;21.941;27.251;unk_270;female;39;8
4081;27.251;71.755;Jerome_COLOMBAIN;male;39;8
4082;73.703;140.97;Anne_CHEPEAU;female;39;8
4083;140.97;156.717;Stephane_IGLESIS;male;39;8
4084;156.717;177.541;unk_272;female;39;8
4085;177.541;187.256;Stephane_IGLESIS;male;39;8
4086;187.256;213.711;Anne_CHEPEAU;female;39;8
4087;213.711;247.156;Didier_ROUSSEL;male;39;8
4088;247.156;250.457;unk_273;male;39;8
4089;250.457;258.122;Didier_ROUSSEL;male;39;8
4090;258.122;313.068;Anne_CHEPEAU;female;39;8
4091;315.133;316.557;unk_270;female;39;8
4092;317.908;319.325;unk_270;female;39;8
4093;319.325;368.188;Anne_CHEPEAU;female;39;8
4094;368.188;428.998;Veronique_REBEYROTTE;female;39;8
4095;428.998;481.851;Anne_CHEPEAU;female;39;8
4096;485.121;512.837;Anne_CHEPEAU;female;39;8
4097;514.214;515.338;Anne_CHEPEAU;female;39;8
4098;515.338;590.428;Jerome_COLOMBAIN;male;39;8
4099;593.18;599.836;unk_274;female;39;8
4100;601.622;605.138;unk_274;female;39;8
4101;605.138;661.837;Joel_COLLADO;male;39;8
4102;661.837;668.9;unk_270;female;39;8
4103;668.9;683.77;Jean-Yves_VINCENT;male;39;8
4104;686.013;686.978;unk_270;female;39;8
4105;691.122;697.675;Jerome_COLOMBAIN;male;39;8
4106;697.675;779.404;Fabrice_ABGRALL;male;39;8
4107;782.181;783.002;unk_270;female;39;8
4108;784.546;786.857;unk_270;female;39;8
4109;788.787;810.817;Jerome_COLOMBAIN;male;39;8
4110;810.817;845.395;Catherine_MONET;female;39;8
4111;845.395;853.47;Guillaume_VANHEMS;male;39;8
4112;853.47;891.321;Catherine_MONET;female;39;8
4113;891.321;901.926;Guillaume_VANHEMS;male;39;8
4114;901.926;930.707;Catherine_MONET;female;39;8
4115;930.707;936.534;Jerome_COLOMBAIN;male;39;8
4116;939.077;941.387;Jerome_COLOMBAIN;male;39;8
4117;941.387;1019.854;Anne_CHEPEAU;female;39;8
4118;1022.234;1025.051;unk_270;female;39;8
4119;1025.051;1055.235;Jerome_COLOMBAIN;male;39;8
4120;1056.274;1129.011;Yves_IZARD;male;39;8
4121;1129.011;1135.491;Jerome_COLOMBAIN;male;39;8
4122;1135.491;1192.718;Yves_IZARD;male;39;8
4123;1192.718;1197.514;Jerome_COLOMBAIN;male;39;8
4124;1202.109;1203.027;unk_270;female;39;8
4125;1204.564;1229.345;Jerome_COLOMBAIN;male;39;8
4126;1250.14;1264.267;Bernard_STEPHANE;male;39;8
4127;1264.267;1293.382;Michel_LEGRAND;male;39;8
4128;1293.382;1304.802;Bernard_STEPHANE;male;39;8
4129;1304.802;1308.871;Michel_LEGRAND;male;39;8
4130;1308.871;1309.985;Bernard_STEPHANE;male;39;8
4131;1309.985;1313.391;Michel_LEGRAND;male;39;8
4132;1313.391;1314.576;Bernard_STEPHANE;male;39;8
4133;1314.576;1347.092;Michel_LEGRAND;male;39;8
4134;1374.283;1379.423;Bernard_STEPHANE;male;39;8
4135;1379.423;1386.599;Michel_LEGRAND;male;39;8
4136;1386.599;1388.004;Bernard_STEPHANE;male;39;8
4137;1388.004;1401.114;Michel_LEGRAND;male;39;8
4138;1401.114;1407.266;Bernard_STEPHANE;male;39;8
4139;1407.266;1421.798;Michel_LEGRAND;male;39;8
4140;1421.798;1424.953;Bernard_STEPHANE;male;39;8
4141;1424.953;1435.536;Michel_LEGRAND;male;39;8
4142;1449.99;1459.226;Jerome_COLOMBAIN;male;39;8
4143;1463.058;1464.73;Jerome_COLOMBAIN;male;39;8
4144;1464.73;1539.952;Anne_CHEPEAU;female;39;8
4145;1542.357;1577.309;Jerome_COLOMBAIN;male;39;8
4146;1577.309;1591.078;Benjamin_DABLAM;male;39;8
4147;1591.078;1594.448;Laurent_GAURIAT;male;39;8
4148;1594.448;1605.026;Benjamin_DABLAM;male;39;8
4149;1605.026;1607.182;Laurent_GAURIAT;male;39;8
4150;1607.182;1611.076;Benjamin_DABLAM;male;39;8
4151;1611.076;1614.82;Laurent_GAURIAT;male;39;8
4152;1614.82;1635.783;Benjamin_DABLAM;male;39;8
4153;1635.783;1640.648;Laurent_GAURIAT;male;39;8
4154;1640.648;1653.731;Benjamin_DABLAM;male;39;8
4155;1653.731;1657.256;Laurent_GAURIAT;male;39;8
4156;1657.256;1658.335;Benjamin_DABLAM;male;39;8
4157;1658.335;1660.141;Laurent_GAURIAT;male;39;8
4158;1660.141;1675.903;Benjamin_DABLAM;male;39;8
4159;1675.903;1681.433;Jerome_COLOMBAIN;male;39;8
4160;1685.07;1713.674;unk_275;female;39;8
4161;1715.845;1724.442;unk_276;female;39;8
4162;1724.442;1830.276;Patrick_LELONG;male;39;8
4163;1836.173;1838.821;Jerome_COLOMBAIN;male;39;8
4164;1838.821;1871.548;Patrick_BOYER;male;39;8
4165;1874.656;1920.175;Laurence_SIMON;female;39;8
4166;1921.712;1952.554;Patrick_BOYER;male;39;8
4167;1954.803;1974.857;Patrick_BOYER;male;39;8
4168;1974.857;2014.944;Thibaud_VINCENT;male;39;8
4169;2014.944;2047.882;Patrick_BOYER;male;39;8
4170;2047.882;2094.86;Cecile_ASPE;female;39;8
4171;2094.86;2140.58;Patrick_BOYER;male;39;8
4172;2140.58;2191.127;Francois_ZANINI;male;39;8
4173;2191.127;2227.624;Patrick_BOYER;male;39;8
4174;2229.781;2230.715;Patrick_BOYER;male;39;8
4175;2230.715;2279.926;Jerome_COLOMBAIN;male;39;8
4176;2279.926;2326.872;Jean-Pierre_GAILLARD;male;39;8
4177;2326.872;2330.451;Jerome_COLOMBAIN;male;39;8
4178;2333.438;2339.978;unk_274;female;39;8
4179;2341.846;2342.875;unk_274;female;39;8
4180;2344.916;2401.45;Joel_COLLADO;male;39;8
4181;2404.001;2404.894;unk_277;female;39;8
4182;2408.459;2453.041;Vincent_RODRIGUEZ;male;39;8
4183;2453.041;2506.724;Serge_BLANCO;male;39;8
4184;2506.724;2519.065;Vincent_RODRIGUEZ;male;39;8
4185;2522.14;2522.977;unk_277;female;39;8
4186;2524.419;2528.595;unk_277;female;39;8
4187;2528.595;2554.017;Jerome_COLOMBAIN;male;39;8
4188;2554.017;2580.257;Marie-Ange_LESCURE;female;39;8
4189;2580.257;2600.708;Eberhard_KIENLE;male;39;8
4190;2600.708;2617.019;Marie-Ange_LESCURE;female;39;8
4191;2617.019;2657.639;Eberhard_KIENLE;male;39;8
4192;2657.639;2679.664;Marie-Ange_LESCURE;female;39;8
4193;2682.327;2683.606;unk_277;female;39;8
4194;2685.223;2686.423;unk_277;female;39;8
4195;2686.423;2718.642;unk_278;female;39;8
4196;2721.574;2724.777;Jerome_COLOMBAIN;male;39;8
4197;2724.777;2803.58;Patrick_BOYER;male;39;8
4198;2805.858;2807.564;Patrick_BOYER;male;39;8
4199;2807.564;2825.622;Jerome_COLOMBAIN;male;39;8
4200;2825.622;2943.482;Benoit_COLLOMBAT;male;39;8
4201;2946.185;2947.747;unk_277;female;39;8
4202;2949.267;2950.45;unk_277;female;39;8
4203;2950.45;2959.302;unk_279;female;39;8
4204;2959.302;3005.521;Gerald_ROUX;male;39;8
4205;3030.814;3042.621;Gerald_ROUX;male;39;8
4206;3071.83;3075.885;Gerald_ROUX;male;39;8
4207;3078.389;3079.306;unk_280;female;39;8
4208;3082.781;3084.157;unk_280;female;39;8
4209;3084.157;3098.437;Marie-Odile_MONCHICOURT;female;39;8
4210;3098.437;3175.764;Gerard_FRIEDLANDER;male;39;8
4211;3175.764;3180.994;Marie-Odile_MONCHICOURT;female;39;8
4212;3180.994;3195.18;Gerard_FRIEDLANDER;male;39;8
4213;3195.18;3200.145;Marie-Odile_MONCHICOURT;female;39;8
4214;3203.594;3205.759;Jerome_COLOMBAIN;male;39;8
4215;3205.759;3276.836;Patrick_BOYER;male;39;8
4216;3279.797;3298.668;Jerome_COLOMBAIN;male;39;8
4217;3298.668;3312.716;Isabelle_LABEYRIE;female;39;8
4218;3312.716;3324.275;Mohamed_BECHARI;male;39;8
4219;3324.275;3353.246;Isabelle_LABEYRIE;female;39;8
4220;3353.246;3376.218;Fouad_ALAOUI;male;39;8
4221;3376.218;3385.925;Isabelle_LABEYRIE;female;39;8
4222;3385.925;3398.762;Dalil_BOUBAKEUR;male;39;8
4223;3398.762;3407.408;Isabelle_LABEYRIE;female;39;8
4224;3407.408;3424.671;Patrick_BOYER;male;39;8
4225;3430.152;3432.727;unk_281;female;39;8
4226;3435.133;3440.529;unk_281;female;39;8
4227;3443.532;3448.142;unk_281;female;39;8
4228;3453.505;3463.607;unk_282;female;39;8
4229;3463.607;3588.145;Jean-Pierre_GAILLARD;male;39;8
4230;3594.333;3595.878;Jerome_COLOMBAIN;male;39;8
4536;5.975;8.064;Guillaume_VANHEMS;male;42;8
4537;8.064;13.547;unk_324;female;42;8
4538;13.547;40.059;Guillaume_VANHEMS;male;42;8
4539;41.011;66.429;Guillaume_VANHEMS;male;42;8
4540;67.364;69.019;Guillaume_VANHEMS;male;42;8
4541;69.019;70.537;Patrick_BOYER;male;42;8
4542;70.537;212.92;Patrick_BOYER;male;42;8
4543;212.92;262.704;Ernest-Antoine_SEILLIERE;male;42;8
4544;262.704;297.56;Patrick_BOYER;male;42;8
4545;301.566;336.52;Patrick_BOYER;male;42;8
4546;336.52;386.167;Dominique_PERBEN;male;42;8
4547;386.167;406.379;Patrick_BOYER;male;42;8
4548;406.379;451.357;Isabelle_BACHY;female;42;8
4549;451.357;465.679;Patrick_BOYER;male;42;8
4550;465.679;490.807;Maurice_VIOLETON;male;42;8
4551;490.807;511.054;Jacques_CUNAT;male;42;8
4552;511.054;527.623;Maurice_VIOLETON;male;42;8
4553;528.729;555.823;Patrick_BOYER;male;42;8
4554;557.992;558.824;Patrick_BOYER;male;42;8
4555;558.824;588.491;Guillaume_VANHEMS;male;42;8
4556;591.204;597.763;unk_325;female;42;8
4557;599.596;600.657;unk_325;female;42;8
4558;601.682;603.695;Joel_COLLADO;male;42;8
4559;603.695;663.347;Joel_COLLADO;male;42;8
4560;665.865;666.816;unk_326;female;42;8
4561;669.931;671.556;Guillaume_VANHEMS;male;42;8
4562;671.556;720.707;Christophe_DELACROIX;male;42;8
4563;720.707;756.49;Francis_DECOURRIERE;male;42;8
4564;756.49;787.775;Christophe_DELACROIX;male;42;8
4565;790.111;790.81;unk_327;female;42;8
4566;791.721;795.857;unk_327;female;42;8
4567;795.857;819.65;Guillaume_VANHEMS;male;42;8
4568;819.65;856.763;Benedicte_TASSART;female;42;8
4569;856.763;861.111;Guillaume_VANHEMS;male;42;8
4570;861.111;908.33;Benedicte_TASSART;female;42;8
4571;908.33;915.61;Guillaume_VANHEMS;male;42;8
4572;915.61;944.31;Benedicte_TASSART;female;42;8
4573;944.31;946.9;Guillaume_VANHEMS;male;42;8
4574;949.369;952.838;Guillaume_VANHEMS;male;42;8
4575;952.838;1004.804;Patrick_BOYER;male;42;8
4576;1006.738;1007.944;Patrick_BOYER;male;42;8
4577;1007.944;1010.14;Guillaume_VANHEMS;male;42;8
4578;1010.14;1022.49;Guillaume_VANHEMS;male;42;8
4579;1022.49;1096.708;Bertrand_GALLICHER;male;42;8
4580;1096.708;1100.378;Guillaume_VANHEMS;male;42;8
4581;1100.378;1145.79;Bertrand_GALLICHER;male;42;8
4582;1145.79;1149.279;Guillaume_VANHEMS;male;42;8
4583;1150.462;1155.054;unk_328;female;42;8
4584;1156.825;1186.402;Emmanuelle_DAVIET;female;42;8
4585;1186.402;1225.466;Jean-Pascal_ASSAILLY;male;42;8
4586;1225.466;1229.492;Emmanuelle_DAVIET;female;42;8
4587;1229.492;1259.88;Jean-Pascal_ASSAILLY;male;42;8
4588;1259.88;1269.735;Emmanuelle_DAVIET;female;42;8
4589;1274.107;1275.26;unk_329;female;42;8
4590;1276.965;1285.544;Guillaume_VANHEMS;male;42;8
4591;1285.544;1296.308;Thomas_FERSEN;male;42;8
4592;1298.589;1309.18;Thomas_FERSEN;male;42;8
4593;1309.18;1311.581;Bernard_STEPHANE;male;42;8
4594;1311.581;1317.848;Bernard_STEPHANE;male;42;8
4595;1317.848;1322.565;Thomas_FERSEN;male;42;8
4596;1322.565;1327.023;Bernard_STEPHANE;male;42;8
4597;1327.023;1375.201;Thomas_FERSEN;male;42;8
4598;1375.201;1377.716;Bernard_STEPHANE;male;42;8
4599;1377.716;1388.857;Thomas_FERSEN;male;42;8
4600;1388.857;1391.977;Marie_TRINTIGNANT;female;42;8
4601;1391.977;1396.352;Guillaume_VANHEMS;male;42;8
4602;1396.352;1418.744;Guillaume_VANHEMS;male;42;8
4603;1421.544;1423.603;Guillaume_VANHEMS;male;42;8
4604;1423.603;1475.585;Patrick_BOYER;male;42;8
4605;1477.599;1507.045;Guillaume_VANHEMS;male;42;8
4606;1507.045;1549.085;Pierre_BANC;male;42;8
4607;1549.085;1551.563;Franck_GILLERON;male;42;8
4608;1551.563;1571.027;Pierre_BANC;male;42;8
4609;1571.027;1575.164;Franck_GILLERON;male;42;8
4610;1575.164;1614.813;Pierre_BANC;male;42;8
4611;1616.724;1618.859;Alain_ALLINANT;male;42;8
4612;1618.859;1621.63;unk_330;male;42;8
4613;1621.63;1633.958;Alain_ALLINANT;male;42;8
4614;1633.958;1637.24;unk_330;male;42;8
4615;1639.668;1659.914;unk_331;female;42;8
4616;1661.221;1667.745;unk_332;female;42;8
4617;1668.873;1670.086;Guillaume_VANHEMS;male;42;8
4618;1670.086;1675.047;Guillaume_VANHEMS;male;42;8
4619;1675.047;1760.084;Jean-Pierre_GAILLARD;male;42;8
4620;1760.084;1762.145;Guillaume_VANHEMS;male;42;8
4621;1762.145;1808.402;Jean-Pierre_GAILLARD;male;42;8
4622;1808.402;1812.287;Guillaume_VANHEMS;male;42;8
4623;1818.147;1819.538;Guillaume_VANHEMS;male;42;8
4624;1819.538;1821.913;Guillaume_VANHEMS;male;42;8
4625;1821.913;1847.295;Pascal_LE_GUERN;male;42;8
4626;1847.295;1892.336;Yves_IZARD;male;42;8
4627;1892.336;1987.46;Pascal_LE_GUERN;male;42;8
4628;1987.46;2033.163;Frederic_CHARLES;male;42;8
4629;2033.163;2085.911;Pascal_LE_GUERN;male;42;8
4630;2089.125;2089.556;Pascal_LE_GUERN;male;42;8
4631;2089.556;2102.259;Pascal_LE_GUERN;male;42;8
4632;2102.259;2145.986;Pascal_FRANCO;male;42;8
4633;2145.986;2175.091;Pascal_LE_GUERN;male;42;8
4634;2175.091;2187.932;Cecile_ASPE;female;42;8
4635;2187.932;2207.52;Daniele_GUILLEMOT;female;42;8
4636;2207.52;2225.697;Cecile_ASPE;female;42;8
4637;2225.697;2258.61;Pascal_LE_GUERN;male;42;8
4638;2259.918;2260.737;Pascal_LE_GUERN;male;42;8
4639;2260.737;2261.261;Guillaume_VANHEMS;male;42;8
4640;2261.261;2326.017;Guillaume_VANHEMS;male;42;8
4641;2328.922;2335.558;unk_325;female;42;8
4642;2337.348;2338.402;unk_325;female;42;8
4643;2340.3;2340.781;Joel_COLLADO;male;42;8
4644;2340.781;2401.86;Joel_COLLADO;male;42;8
4645;2404.027;2404.951;unk_326;female;42;8
4646;2408.55;2409.792;Guillaume_VANHEMS;male;42;8
4647;2409.792;2417.024;Guillaume_VANHEMS;male;42;8
4648;2417.024;2542.138;Fabrice_ABGRALL;male;42;8
4649;2544.172;2545.092;unk_327;female;42;8
4650;2546.01;2550.342;unk_327;female;42;8
4651;2550.342;2567.119;Guillaume_VANHEMS;male;42;8
4652;2567.119;2596.207;Marc_FAUVEL;male;42;8
4653;2596.207;2622.021;Pierre_TAMBOURIN;male;42;8
4654;2622.021;2632.217;Marc_FAUVEL;male;42;8
4655;2632.217;2663.324;Jean_WEISSENBACH;male;42;8
4656;2663.324;2678.446;Marc_FAUVEL;male;42;8
4657;2680.532;2700.681;Vincent_FERNIAUX;male;42;8
4658;2702.695;2706.118;Guillaume_VANHEMS;male;42;8
4659;2706.118;2769.65;Pascal_LE_GUERN;male;42;8
4660;2771.812;2772.743;Pascal_LE_GUERN;male;42;8
4661;2772.743;2775.305;Guillaume_VANHEMS;male;42;8
4662;2775.305;2797.281;Guillaume_VANHEMS;male;42;8
4663;2797.281;2839.511;Mathieu_ARON;male;42;8
4664;2839.511;2843.318;Guillaume_VANHEMS;male;42;8
4665;2843.318;2899.175;Mathieu_ARON;male;42;8
4666;2899.175;2906.362;Guillaume_VANHEMS;male;42;8
4667;2906.362;2954.711;Mathieu_ARON;male;42;8
4668;2954.711;2970.563;Guillaume_VANHEMS;male;42;8
4669;2970.563;3076.493;Pascal_DELANNOY;male;42;8
4670;3076.493;3082.436;Guillaume_VANHEMS;male;42;8
4671;3087.677;3088.977;unk_333;female;42;8
4672;3089.85;3090.821;unk_333;female;42;8
4673;3098.318;3145.988;Florence_LEROY;female;42;8
4674;3145.988;3165.69;Jean-Paul_RAPPENEAU;male;42;8
4675;3168.991;3201.321;Jean-Paul_RAPPENEAU;male;42;8
4676;3201.321;3211.101;Florence_LEROY;female;42;8
4677;3213.684;3217.347;Guillaume_VANHEMS;male;42;8
4678;3217.347;3281.878;Pascal_LE_GUERN;male;42;8
4679;3283.516;3284.537;Guillaume_VANHEMS;male;42;8
4680;3284.537;3317.162;Guillaume_VANHEMS;male;42;8
4681;3317.162;3396.047;Pierre_HENRY;male;42;8
4682;3396.047;3399.89;Helene_ROUSSEL;female;42;8
4683;3399.89;3432.276;Pierre_HENRY;male;42;8
4684;3432.276;3463.927;Guillaume_VANHEMS;male;42;8
4685;3464.979;3473.803;unk_332;female;42;8
4686;3473.803;3474.463;Jean-Pierre_GAILLARD;male;42;8
4687;3474.463;3506.527;Jean-Pierre_GAILLARD;male;42;8
4688;3506.527;3514.799;Pierre_MENEZ;male;42;8
4689;3514.799;3522.325;Jean-Pierre_GAILLARD;male;42;8
4690;3522.325;3533.365;Pierre_MENEZ;male;42;8
4691;3533.365;3537.404;Jean-Pierre_GAILLARD;male;42;8
4692;3537.404;3538.593;Pierre_MENEZ;male;42;8
4693;3538.593;3541.129;Jean-Pierre_GAILLARD;male;42;8
4694;3541.129;3571.047;Pierre_MENEZ;male;42;8
4695;3571.047;3573.79;multi_spk;NA;42;8
4696;3573.79;3583.757;Pierre_MENEZ;male;42;8
4697;3583.757;3587.436;Jean-Pierre_GAILLARD;male;42;8
4698;3587.436;3592.341;Pierre_MENEZ;male;42;8
4699;3592.341;3593.032;multi_spk;NA;42;8
4700;3593.032;3595.782;Pierre_MENEZ;male;42;8
4701;3595.782;3596.225;Jean-Pierre_GAILLARD;male;42;8
4702;3596.225;3596.762;Pierre_MENEZ;male;42;8
4703;3596.762;3598.226;Jean-Pierre_GAILLARD;male;42;8
4704;3598.226;3608.234;Pierre_MENEZ;male;42;8
4705;3608.234;3611.703;Jean-Pierre_GAILLARD;male;42;8
4706;3617.058;3619.005;Guillaume_VANHEMS;male;42;8
4707;5.889;7.74;unk_334;male;43;8
4708;7.74;12.962;unk_335;female;43;8
4709;12.962;53.789;Jerome_COLOMBAIN;male;43;8
4710;53.789;70.099;Pascal_LE_GUERN;male;43;8
4711;70.099;118.751;Helene_ROUSSEL;female;43;8
4712;118.751;176.672;Pascal_LE_GUERN;male;43;8
4713;176.672;241.742;Benoit_COLLOMBAT;male;43;8
4714;241.742;257.549;Pascal_LE_GUERN;male;43;8
4715;260.627;275.407;Pascal_LE_GUERN;male;43;8
4716;275.407;317.4;Thibault_MAISONNEUVE;male;43;8
4717;317.4;390.305;Pascal_LE_GUERN;male;43;8
4718;390.305;427.319;Johann_LONFAT;male;43;8
4719;427.319;440.319;Pascal_LE_GUERN;male;43;8
4720;440.319;488.416;Jerome_COLOMBAIN;male;43;8
4721;491.308;497.795;unk_336;female;43;8
4722;499.75;501.191;unk_336;female;43;8
4723;501.191;551.791;Joel_COLLADO;male;43;8
4724;554.263;555.349;unk_335;female;43;8
4725;558.962;567.893;Jerome_COLOMBAIN;male;43;8
4726;567.893;696.861;Fabrice_ABGRALL;male;43;8
4727;699.809;700.678;unk_335;female;43;8
4728;702.126;704.539;unk_335;female;43;8
4729;706.318;736.296;Jerome_COLOMBAIN;male;43;8
4730;736.296;760.509;Isabelle_DOR;female;43;8
4731;760.509;785.775;Ilan_GREILSAMMER;male;43;8
4732;785.775;799.004;Isabelle_DOR;female;43;8
4733;799.004;838.843;Avi_PAZNER;male;43;8
4734;838.843;856.825;Isabelle_DOR;female;43;8
4735;859.357;861.167;unk_335;female;43;8
4736;862.398;863.59;unk_335;female;43;8
4737;863.59;896.196;unk_337;female;43;8
4738;899.236;902.463;Jerome_COLOMBAIN;male;43;8
4739;902.463;985.035;Pascal_LE_GUERN;male;43;8
4740;985.035;1006.886;Jerome_COLOMBAIN;male;43;8
4741;1006.886;1118.937;Mathieu_ARON;male;43;8
4742;1121.549;1122.652;unk_338;female;43;8
4743;1123.818;1125.997;unk_338;female;43;8
4744;1125.997;1128.681;Jerome_COLOMBAIN;male;43;8
4745;1128.681;1157.037;Laurent_GOUEDARD;male;43;8
4746;1161.0;1161.942;unk_335;female;43;8
4747;1163.277;1178.717;Jerome_COLOMBAIN;male;43;8
4748;1178.717;1203.128;Thomas_FERSEN;male;43;8
4749;1203.128;1211.76;Bernard_STEPHANE;male;43;8
4750;1211.76;1217.177;Thomas_FERSEN;male;43;8
4751;1217.177;1221.772;Bernard_STEPHANE;male;43;8
4752;1221.772;1228.441;Thomas_FERSEN;male;43;8
4753;1228.441;1237.257;Bernard_STEPHANE;male;43;8
4754;1237.257;1241.795;multi_spk;NA;43;8
4755;1241.795;1286.043;Thomas_FERSEN;male;43;8
4756;1286.043;1290.316;multi_spk;NA;43;8
4757;1290.316;1295.04;multi_spk;NA;43;8
4758;1295.04;1300.088;multi_spk;NA;43;8
4759;1300.088;1330.01;Thomas_FERSEN;male;43;8
4760;1330.01;1333.799;Bernard_STEPHANE;male;43;8
4761;1333.799;1335.962;multi_spk;NA;43;8
4762;1335.962;1342.508;multi_spk;NA;43;8
4763;1342.508;1346.717;multi_spk;NA;43;8
4764;1346.717;1368.975;Thomas_FERSEN;male;43;8
4765;1368.975;1370.217;Bernard_STEPHANE;male;43;8
4766;1370.217;1371.008;Thomas_FERSEN;male;43;8
4767;1371.008;1371.428;Bernard_STEPHANE;male;43;8
4768;1371.428;1372.34;Thomas_FERSEN;male;43;8
4769;1372.34;1375.661;Bernard_STEPHANE;male;43;8
4770;1375.661;1382.968;multi_spk;NA;43;8
4771;1382.968;1385.353;Bernard_STEPHANE;male;43;8
4772;1385.353;1414.982;Thomas_FERSEN;male;43;8
4773;1414.982;1419.352;Jerome_COLOMBAIN;male;43;8
4774;1422.806;1425.212;Jerome_COLOMBAIN;male;43;8
4775;1425.212;1518.117;Pascal_LE_GUERN;male;43;8
4776;1518.117;1558.302;Sebastien_BAER;male;43;8
4777;1558.302;1580.607;Axel_KAHN;male;43;8
4778;1580.607;1596.464;Jean_WEISSENBACH;male;43;8
4779;1596.464;1609.719;Sebastien_BAER;male;43;8
4780;1609.719;1627.549;Jean-Philippe_MULLER;male;43;8
4781;1627.549;1635.245;Sebastien_BAER;male;43;8
4782;1635.245;1668.143;Axel_KAHN;male;43;8
4783;1668.143;1681.056;Sebastien_BAER;male;43;8
4784;1684.075;1690.902;unk_339;female;43;8
4785;1690.902;1692.185;unk_340;male;43;8
4786;1692.185;1696.721;unk_339;female;43;8
4787;1698.934;1708.412;unk_341;female;43;8
4788;1708.412;1827.379;Patrick_LELONG;male;43;8
4789;1833.218;1836.324;Jerome_COLOMBAIN;male;43;8
4790;1836.324;1956.084;Anne_CHEPEAU;female;43;8
4791;1956.084;2004.345;Lionel_THOMPSON;male;43;8
4792;2004.345;2020.628;Anne_CHEPEAU;female;43;8
4793;2020.628;2068.397;Stephane_HISCOCK;male;43;8
4794;2068.397;2070.131;Anne_CHEPEAU;female;43;8
4795;2071.994;2073.369;unk_335;female;43;8
4796;2074.769;2076.548;unk_335;female;43;8
4797;2076.548;2092.259;Anne_CHEPEAU;female;43;8
4798;2092.259;2139.751;Quentin_DICKINSON;male;43;8
4799;2139.751;2157.899;Anne_CHEPEAU;female;43;8
4800;2160.598;2249.525;Anne_CHEPEAU;female;43;8
4801;2251.126;2251.988;Anne_CHEPEAU;female;43;8
4802;2251.988;2294.136;Jerome_COLOMBAIN;male;43;8
4803;2294.136;2342.694;Jean-Pierre_GAILLARD;male;43;8
4804;2342.694;2346.429;Jerome_COLOMBAIN;male;43;8
4805;2349.227;2355.833;unk_336;female;43;8
4806;2357.764;2360.112;unk_336;female;43;8
4807;2360.112;2410.245;Joel_COLLADO;male;43;8
4808;2412.553;2413.518;unk_335;female;43;8
4809;2417.131;2431.143;Anais_FEUGA;female;43;8
4810;2431.143;2443.334;Frank_SIGNORINO;male;43;8
4811;2443.334;2455.148;Anais_FEUGA;female;43;8
4812;2455.148;2478.468;Stephane_BORBICONI;male;43;8
4813;2478.468;2489.054;Anais_FEUGA;female;43;8
4814;2489.054;2514.681;Jean_FERNANDEZ;male;43;8
4815;2514.681;2537.088;Anais_FEUGA;female;43;8
4816;2539.772;2540.73;unk_335;female;43;8
4817;2541.989;2544.447;unk_335;female;43;8
4818;2546.712;2565.746;Jerome_COLOMBAIN;male;43;8
4819;2565.746;2588.543;Benedicte_TASSART;female;43;8
4820;2588.543;2629.216;Roland_GAILLARD;male;43;8
4821;2629.216;2641.79;Benedicte_TASSART;female;43;8
4822;2641.79;2682.973;Bernard_LUBERT;male;43;8
4823;2682.973;2698.38;Jerome_COLOMBAIN;male;43;8
4824;2702.524;2780.126;Anne_CHEPEAU;female;43;8
4825;2786.691;2788.47;unk_335;female;43;8
4826;2792.318;2795.473;unk_335;female;43;8
4827;2795.473;2796.779;Bernard_THOMASSON;male;43;8
4828;2796.779;2797.39;Siba_NASSER;female;43;8
4829;2797.39;2810.233;Bernard_THOMASSON;male;43;8
4830;2810.233;2840.964;Siba_NASSER;female;43;8
4831;2840.964;2858.488;Bernard_THOMASSON;male;43;8
4832;2858.488;2911.101;Siba_NASSER;female;43;8
4833;2911.101;2912.451;Bernard_THOMASSON;male;43;8
4834;2912.451;2918.818;Siba_NASSER;female;43;8
4835;2918.818;2924.237;multi_spk;NA;43;8
4836;2924.237;2963.423;Siba_NASSER;female;43;8
4837;2963.423;2968.43;multi_spk;NA;43;8
4838;2968.43;2971.662;Siba_NASSER;female;43;8
4839;2971.662;2975.384;Bernard_THOMASSON;male;43;8
4840;2975.384;2995.599;Siba_NASSER;female;43;8
4841;2995.599;3001.749;Bernard_THOMASSON;male;43;8
4842;3001.749;3008.458;Siba_NASSER;female;43;8
4843;3009.248;3018.102;Bernard_THOMASSON;male;43;8
4844;3018.102;3036.679;Siba_NASSER;female;43;8
4845;3036.679;3050.223;Bernard_THOMASSON;male;43;8
4846;3050.223;3084.693;Siba_NASSER;female;43;8
4847;3084.693;3093.479;Bernard_THOMASSON;male;43;8
4848;3093.479;3127.819;Siba_NASSER;female;43;8
4849;3127.819;3131.226;Bernard_THOMASSON;male;43;8
4850;3131.226;3178.006;Siba_NASSER;female;43;8
4851;3178.006;3183.414;Bernard_THOMASSON;male;43;8
4852;3183.414;3209.595;Siba_NASSER;female;43;8
4853;3209.595;3212.935;Bernard_THOMASSON;male;43;8
4854;3216.54;3219.598;Jerome_COLOMBAIN;male;43;8
4855;3219.598;3300.054;Anne_CHEPEAU;female;43;8
4856;3302.114;3320.054;Jerome_COLOMBAIN;male;43;8
4857;3320.054;3341.216;Nathalie_FONTREL;female;43;8
4858;3341.216;3371.25;Roselyne_BACHELOT;female;43;8
4859;3371.25;3397.493;Nathalie_FONTREL;female;43;8
4860;3397.493;3422.474;Yves_COPPENS;male;43;8
4861;3422.474;3432.791;Nathalie_FONTREL;female;43;8
4862;3433.964;3435.099;unk_338;female;43;8
4863;3435.943;3437.729;unk_338;female;43;8
4864;3438.478;3439.653;unk_338;female;43;8
4865;3439.653;3453.892;Laurent_GOUEDARD;male;43;8
4866;3454.862;3464.037;unk_335;female;43;8
4867;3464.037;3616.865;Jean-Pierre_GAILLARD;male;43;8
4868;3624.018;3625.321;Jerome_COLOMBAIN;male;43;8
5164;5.471;7.767;Guillaume_VANHEMS;male;46;8
5165;7.767;13.408;unk_374;female;46;8
5166;13.408;73.596;Guillaume_VANHEMS;male;46;8
5167;75.084;76.116;Guillaume_VANHEMS;male;46;8
5168;76.116;77.682;Anne_CHEPEAU;female;46;8
5169;77.682;102.618;Anne_CHEPEAU;female;46;8
5170;102.618;160.252;Philippe_RELTIEN;male;46;8
5171;160.252;249.826;Anne_CHEPEAU;female;46;8
5172;249.826;295.423;Isabelle_DOR;female;46;8
5173;295.423;297.087;Anne_CHEPEAU;female;46;8
5174;298.974;300.435;unk_374;female;46;8
5175;301.778;302.584;unk_374;female;46;8
5176;303.206;305.489;Anne_CHEPEAU;female;46;8
5177;305.489;323.615;Anne_CHEPEAU;female;46;8
5178;323.615;368.545;Andre_GOLLIARD;male;46;8
5179;368.545;395.341;Anne_CHEPEAU;female;46;8
5180;397.997;399.275;Anne_CHEPEAU;female;46;8
5181;399.275;484.449;Anne_CHEPEAU;female;46;8
5182;486.045;487.191;Anne_CHEPEAU;female;46;8
5183;487.191;530.147;Guillaume_VANHEMS;male;46;8
5184;532.736;539.373;unk_375;female;46;8
5185;541.188;542.285;unk_375;female;46;8
5186;543.283;545.136;Joel_COLLADO;male;46;8
5187;545.136;596.321;Joel_COLLADO;male;46;8
5188;598.863;599.857;unk_376;female;46;8
5189;602.99;604.031;Guillaume_VANHEMS;male;46;8
5190;604.031;612.328;Guillaume_VANHEMS;male;46;8
5191;612.328;647.569;Thierry_FIORILE;male;46;8
5192;647.569;671.946;Johnny_ECKER;male;46;8
5193;671.946;688.969;Thierry_FIORILE;male;46;8
5194;688.969;723.387;Alain_PERRIN;male;46;8
5195;723.387;729.343;Thierry_FIORILE;male;46;8
5196;731.491;732.223;unk_377;female;46;8
5197;733.311;736.27;unk_377;female;46;8
5198;737.067;749.685;Guillaume_VANHEMS;male;46;8
5199;749.685;828.446;Quentin_DICKINSON;male;46;8
5200;828.446;838.354;Guillaume_VANHEMS;male;46;8
5201;838.354;901.863;Quentin_DICKINSON;male;46;8
5202;901.863;906.059;Guillaume_VANHEMS;male;46;8
5203;908.093;913.75;Alain_ALLINANT;male;46;8
5204;913.75;916.416;unk_378;male;46;8
5205;916.416;921.107;Alain_ALLINANT;male;46;8
5206;921.107;924.898;Alain_ALLINANT;male;46;8
5207;924.898;928.06;unk_378;male;46;8
5208;930.492;932.949;Guillaume_VANHEMS;male;46;8
5209;932.949;1024.402;Anne_CHEPEAU;female;46;8
5210;1026.712;1029.673;Anne_CHEPEAU;female;46;8
5211;1029.673;1053.073;Guillaume_VANHEMS;male;46;8
5212;1053.073;1174.355;Robert_KUDELKA;male;46;8
5213;1177.421;1179.044;unk_379;female;46;8
5214;1180.23;1181.781;unk_379;female;46;8
5215;1181.781;1197.277;Emmanuelle_DAVIET;female;46;8
5216;1197.277;1226.66;Patrick_BEYLE;male;46;8
5217;1226.66;1228.706;Emmanuelle_DAVIET;female;46;8
5218;1228.706;1253.892;Patrick_BEYLE;male;46;8
5219;1253.892;1257.943;Emmanuelle_DAVIET;female;46;8
5220;1257.943;1275.457;Patrick_BEYLE;male;46;8
5221;1275.457;1287.696;Emmanuelle_DAVIET;female;46;8
5222;1291.738;1292.609;unk_380;female;46;8
5223;1294.138;1295.892;Guillaume_VANHEMS;male;46;8
5224;1295.892;1296.89;Guillaume_VANHEMS;male;46;8
5225;1302.17;1307.051;Guillaume_VANHEMS;male;46;8
5226;1323.651;1327.026;Bernard_STEPHANE;male;46;8
5227;1330.971;1331.663;Bernard_STEPHANE;male;46;8
5228;1331.663;1340.087;Celia_FAUSSART;female;46;8
5229;1340.087;1341.421;Bernard_STEPHANE;male;46;8
5230;1341.421;1359.801;Celia_FAUSSART;female;46;8
5231;1359.801;1361.325;Celia_FAUSSART;female;46;8
5232;1361.325;1366.335;Bernard_STEPHANE;male;46;8
5233;1366.335;1391.708;Celia_FAUSSART;female;46;8
5234;1416.315;1418.309;Guillaume_VANHEMS;male;46;8
5235;1418.309;1434.159;Guillaume_VANHEMS;male;46;8
5236;1437.413;1440.137;Guillaume_VANHEMS;male;46;8
5237;1440.137;1524.47;Anne_CHEPEAU;female;46;8
5238;1526.867;1527.558;Guillaume_VANHEMS;male;46;8
5239;1527.558;1544.19;Guillaume_VANHEMS;male;46;8
5240;1545.558;1559.44;Cecile_ASPE;female;46;8
5241;1559.44;1579.832;Jacques_SEVILLA;male;46;8
5242;1579.832;1589.829;Cecile_ASPE;female;46;8
5243;1589.829;1605.19;Jean_GLAVANY;male;46;8
5244;1605.19;1611.732;Cecile_ASPE;female;46;8
5245;1611.732;1631.547;Andre_GOLLIARD;male;46;8
5246;1631.547;1646.425;Cecile_ASPE;female;46;8
5247;1647.92;1654.444;unk_381;female;46;8
5248;1655.122;1656.769;Guillaume_VANHEMS;male;46;8
5249;1656.769;1661.131;Guillaume_VANHEMS;male;46;8
5250;1661.131;1757.042;Jean-Pierre_GAILLARD;male;46;8
5251;1757.042;1760.856;Guillaume_VANHEMS;male;46;8
5252;1760.856;1820.168;Jean-Pierre_GAILLARD;male;46;8
5253;1820.168;1822.585;Guillaume_VANHEMS;male;46;8
5254;1827.882;1830.469;Guillaume_VANHEMS;male;46;8
5255;1830.469;1893.756;Patrick_BOYER;male;46;8
5256;1894.429;1942.807;Patrick_BOYER;male;46;8
5257;1942.807;1977.266;Lionel_THOMPSON;male;46;8
5258;1977.266;2019.318;Patrick_BOYER;male;46;8
5259;2019.318;2062.268;Patrick_COX;male;46;8
5260;2062.268;2066.295;Patrick_BOYER;male;46;8
5261;2068.454;2069.902;unk_374;female;46;8
5262;2071.204;2072.091;unk_374;female;46;8
5263;2072.955;2074.815;Patrick_BOYER;male;46;8
5264;2074.815;2093.632;Patrick_BOYER;male;46;8
5265;2093.632;2134.456;Vanessa_DESCOURAUX;female;46;8
5266;2134.456;2148.667;Patrick_BOYER;male;46;8
5267;2149.412;2202.257;Patrick_BOYER;male;46;8
5268;2202.257;2245.439;Philippe_LEFEBVRE;male;46;8
5269;2245.439;2255.771;Patrick_BOYER;male;46;8
5270;2257.711;2259.108;Patrick_BOYER;male;46;8
5271;2259.108;2313.309;Guillaume_VANHEMS;male;46;8
5272;2315.878;2322.565;unk_375;female;46;8
5273;2324.552;2325.472;unk_375;female;46;8
5274;2327.193;2328.301;Joel_COLLADO;male;46;8
5275;2328.301;2380.347;Joel_COLLADO;male;46;8
5276;2382.709;2383.629;unk_376;female;46;8
5277;2387.165;2388.196;Guillaume_VANHEMS;male;46;8
5278;2388.196;2394.649;Guillaume_VANHEMS;male;46;8
5279;2394.649;2514.955;Fabrice_ABGRALL;male;46;8
5280;2517.001;2517.737;unk_377;female;46;8
5281;2518.704;2522.592;unk_377;female;46;8
5282;2522.592;2549.313;Guillaume_VANHEMS;male;46;8
5283;2549.313;2579.542;Pascal_LAMY;male;46;8
5284;2579.542;2588.643;Mireille_LEMARESQUIER;female;46;8
5285;2588.643;2624.376;Pascal_LAMY;male;46;8
5286;2624.376;2633.28;Mireille_LEMARESQUIER;female;46;8
5287;2633.28;2672.933;Pascal_LAMY;male;46;8
5288;2672.933;2677.885;Guillaume_VANHEMS;male;46;8
5289;2680.815;2683.445;unk_382;male;46;8
5290;2683.445;2685.142;unk_383;female;46;8
5291;2685.142;2686.502;unk_384;female;46;8
5292;2686.502;2688.268;unk_385;male;46;8
5293;2688.268;2690.132;unk_382;male;46;8
5294;2690.132;2691.804;unk_385;male;46;8
5295;2691.804;2694.695;unk_386;male;46;8
5296;2694.695;2697.303;unk_387;female;46;8
5297;2697.303;2699.373;unk_388;male;46;8
5298;2699.373;2701.479;unk_384;female;46;8
5299;2701.479;2709.312;unk_386;male;46;8
5300;2711.968;2714.291;Guillaume_VANHEMS;male;46;8
5301;2714.291;2775.878;Patrick_BOYER;male;46;8
5302;2778.246;2779.419;Patrick_BOYER;male;46;8
5303;2779.419;2781.659;Guillaume_VANHEMS;male;46;8
5304;2781.659;2811.027;Guillaume_VANHEMS;male;46;8
5305;2811.027;2840.184;Marie-Ange_LESCURE;female;46;8
5306;2840.184;2876.2;Jean-Paul_CHAGNOLEAU;male;46;8
5307;2876.2;2882.441;Marie-Ange_LESCURE;female;46;8
5308;2882.441;2917.207;Jean-Paul_CHAGNOLEAU;male;46;8
5309;2917.207;2933.779;Marie-Ange_LESCURE;female;46;8
5310;2933.779;2941.648;Guillaume_VANHEMS;male;46;8
5311;2941.648;3052.778;Pascal_DELANNOY;male;46;8
5312;3056.482;3057.977;unk_389;female;46;8
5313;3058.521;3059.922;unk_389;female;46;8
5314;3060.708;3062.03;unk_389;female;46;8
5315;3063.836;3065.089;Emmanuel_DAVIDENKOFF;male;46;8
5316;3065.089;3173.498;Emmanuel_DAVIDENKOFF;male;46;8
5317;3176.68;3181.372;Guillaume_VANHEMS;male;46;8
5318;3181.372;3193.593;Patrick_BOYER;male;46;8
5319;3194.401;3207.213;Patrick_BOYER;male;46;8
5320;3207.918;3221.722;Patrick_BOYER;male;46;8
5321;3222.463;3236.265;Patrick_BOYER;male;46;8
5322;3239.198;3273.605;Guillaume_VANHEMS;male;46;8
5323;3273.605;3289.222;Josiane_GORGIBUS;female;46;8
5324;3289.222;3293.682;Sebastien_BAER;male;46;8
5325;3293.682;3303.058;Josiane_GORGIBUS;female;46;8
5326;3303.058;3313.047;Sebastien_BAER;male;46;8
5327;3313.047;3342.37;Josiane_GORGIBUS;female;46;8
5328;3342.37;3345.009;Sebastien_BAER;male;46;8
5329;3345.009;3387.158;Josiane_GORGIBUS;female;46;8
5330;3387.158;3393.5;Guillaume_VANHEMS;male;46;8
5331;3396.896;3398.613;unk_390;female;46;8
5332;3400.424;3401.456;unk_390;female;46;8
5333;3410.241;3460.755;Guillaume_VANHEMS;male;46;8
5334;3462.129;3471.733;unk_381;female;46;8
5335;3471.733;3515.083;Jean-Pierre_GAILLARD;male;46;8
5336;3515.083;3538.487;Jean-Marc_LECH;male;46;8
5337;3538.487;3541.822;Jean-Pierre_GAILLARD;male;46;8
5338;3541.822;3550.787;Jean-Marc_LECH;male;46;8
5339;3550.787;3552.049;Jean-Pierre_GAILLARD;male;46;8
5340;3552.049;3575.506;Jean-Marc_LECH;male;46;8
5341;3575.506;3576.477;Jean-Pierre_GAILLARD;male;46;8
5342;3576.477;3591.537;Jean-Marc_LECH;male;46;8
5343;3591.537;3595.805;Jean-Pierre_GAILLARD;male;46;8
5344;3601.764;3602.792;Guillaume_VANHEMS;male;46;8
5345;3602.792;3603.476;Guillaume_VANHEMS;male;46;8
5346;6.723;7.908;unk_391;male;47;8
5347;7.908;13.199;unk_392;female;47;8
5348;13.199;59.15;Jerome_COLOMBAIN;male;47;8
5349;59.15;79.691;Patrick_BOYER;male;47;8
5350;79.691;125.269;Lionel_THOMPSON;male;47;8
5351;125.269;227.286;Patrick_BOYER;male;47;8
5352;227.286;284.984;Jacques_CHIRAC;male;47;8
5353;284.984;286.816;Patrick_BOYER;male;47;8
5354;288.8;292.389;unk_392;female;47;8
5355;292.389;341.153;Patrick_BOYER;male;47;8
5356;341.153;390.588;Sebastien_BAER;male;47;8
5357;390.588;428.349;Patrick_BOYER;male;47;8
5358;428.349;475.723;Jean-Marc_FOUR;male;47;8
5359;475.723;496.618;Patrick_BOYER;male;47;8
5360;498.453;499.604;Patrick_BOYER;male;47;8
5361;499.604;548.134;Jerome_COLOMBAIN;male;47;8
5362;550.955;557.399;unk_393;female;47;8
5363;559.426;560.223;unk_393;female;47;8
5364;562.267;621.532;Joel_COLLADO;male;47;8
5365;623.994;624.959;unk_394;female;47;8
5366;629.055;633.681;Jerome_COLOMBAIN;male;47;8
5367;633.681;757.536;Fabrice_ABGRALL;male;47;8
5368;760.304;761.101;unk_392;female;47;8
5369;762.573;764.528;unk_392;female;47;8
5370;766.741;782.349;Jerome_COLOMBAIN;male;47;8
5371;782.349;783.407;multi_spk;NA;47;8
5372;783.407;803.644;Jerome_COLOMBAIN;male;47;8
5373;803.644;805.363;multi_spk;NA;47;8
5374;805.363;844.606;Claude_BRUILLOT;male;47;8
5375;844.606;845.448;multi_spk;NA;47;8
5376;845.448;846.423;Jerome_COLOMBAIN;male;47;8
5377;846.423;896.701;Renaud_BERNARD;male;47;8
5378;896.701;918.85;Jerome_COLOMBAIN;male;47;8
5379;918.85;970.514;Claude_BRUILLOT;male;47;8
5380;970.514;977.751;Jerome_COLOMBAIN;male;47;8
5381;980.549;1033.551;Patrick_BOYER;male;47;8
5382;1033.551;1065.494;Jerome_COLOMBAIN;male;47;8
5383;1065.494;1093.618;Marie-Ange_LESCURE;female;47;8
5384;1093.618;1128.604;Eberhard_KIENLE;male;47;8
5385;1128.604;1149.571;Marie-Ange_LESCURE;female;47;8
5386;1149.571;1188.401;Eberhard_KIENLE;male;47;8
5387;1188.401;1200.808;Marie-Ange_LESCURE;female;47;8
5388;1200.808;1223.617;Jerome_COLOMBAIN;male;47;8
5389;1223.617;1313.462;Renaud_BERNARD;male;47;8
5390;1313.462;1318.074;multi_spk;NA;47;8
5391;1318.074;1371.533;Claude_BRUILLOT;male;47;8
5392;1371.533;1390.374;Renaud_BERNARD;male;47;8
5393;1390.374;1390.865;multi_spk;NA;47;8
5394;1390.865;1404.898;Renaud_BERNARD;male;47;8
5395;1404.898;1409.798;Jerome_COLOMBAIN;male;47;8
5396;1411.734;1458.578;Patrick_BOYER;male;47;8
5397;1458.578;1489.538;Jerome_COLOMBAIN;male;47;8
5398;1489.538;1576.796;Claude_BRUILLOT;male;47;8
5399;1576.796;1581.957;Jerome_COLOMBAIN;male;47;8
5400;1581.957;1603.155;Claude_BRUILLOT;male;47;8
5401;1603.155;1604.966;multi_spk;NA;47;8
5402;1604.966;1609.025;Claude_BRUILLOT;male;47;8
5403;1609.025;1619.209;Jerome_COLOMBAIN;male;47;8
5404;1619.209;1700.827;Renaud_BERNARD;male;47;8
5405;1700.827;1704.571;Jerome_COLOMBAIN;male;47;8
5406;1704.571;1707.963;multi_spk;NA;47;8
5407;1707.963;1719.626;Renaud_BERNARD;male;47;8
5408;1719.626;1724.208;Jerome_COLOMBAIN;male;47;8
5409;1724.208;1745.051;Renaud_BERNARD;male;47;8
5410;1745.051;1756.957;Jerome_COLOMBAIN;male;47;8
5411;1760.1;1766.923;unk_395;female;47;8
5412;1766.923;1768.092;unk_396;male;47;8
5413;1768.092;1772.546;unk_395;female;47;8
5414;1779.921;1782.78;Jerome_COLOMBAIN;male;47;8
5415;1782.78;1822.612;Pascal_LE_GUERN;male;47;8
5416;1825.194;1878.316;unk_397;female;47;8
5417;1878.316;1962.776;Pascal_LE_GUERN;male;47;8
5418;1964.872;1969.281;unk_392;female;47;8
5419;1969.281;1995.928;Pascal_LE_GUERN;male;47;8
5420;1995.928;2044.108;Quentin_DICKINSON;male;47;8
5421;2044.108;2083.671;Pascal_LE_GUERN;male;47;8
5422;2087.387;2097.38;Claude_CORDIER;male;47;8
5423;2097.38;2109.751;Jean-Luc_SOUVETON;male;47;8
5424;2109.751;2116.128;Claude_CORDIER;male;47;8
5425;2116.128;2122.786;unk_398;female;47;8
5426;2122.786;2126.812;Claude_CORDIER;male;47;8
5427;2126.812;2132.139;unk_399;female;47;8
5428;2132.139;2134.037;Claude_CORDIER;male;47;8
5429;2134.037;2159.739;Pascal_LE_GUERN;male;47;8
5430;2159.739;2203.849;Florence_LEROY;female;47;8
5431;2203.849;2228.723;Pascal_LE_GUERN;male;47;8
5432;2230.016;2231.264;Pascal_LE_GUERN;male;47;8
5433;2231.264;2282.803;Jerome_COLOMBAIN;male;47;8
5434;2282.803;2337.216;Jean-Pierre_GAILLARD;male;47;8
5435;2339.782;2340.917;unk_400;female;47;8
5436;2341.979;2344.216;unk_400;female;47;8
5437;2344.216;2346.476;Jerome_COLOMBAIN;male;47;8
5438;2346.476;2374.435;Gerard_PANNIER;male;47;8
5439;2374.435;2378.008;Jerome_COLOMBAIN;male;47;8
5440;2380.812;2387.513;unk_393;female;47;8
5441;2389.13;2390.269;unk_393;female;47;8
5442;2390.912;2450.245;Joel_COLLADO;male;47;8
5443;2452.583;2453.621;unk_394;female;47;8
5444;2456.944;2459.229;Jean-Marc_FOUR;male;47;8
5445;2459.229;2487.763;Jean-Marc_FOUR;male;47;8
5446;2487.763;2528.454;Arsene_WENGER;male;47;8
5447;2528.454;2531.343;Jean-Marc_FOUR;male;47;8
5448;2531.343;2541.99;Arsene_WENGER;male;47;8
5449;2541.99;2570.354;Jean-Marc_FOUR;male;47;8
5450;2573.342;2574.259;unk_392;female;47;8
5451;2575.707;2578.097;unk_392;female;47;8
5452;2579.803;2606.466;Jerome_COLOMBAIN;male;47;8
5453;2606.466;2636.684;Pascal_LAMY;male;47;8
5454;2636.684;2645.949;Mireille_LEMARESQUIER;female;47;8
5455;2645.949;2681.622;Pascal_LAMY;male;47;8
5456;2681.622;2690.403;Mireille_LEMARESQUIER;female;47;8
5457;2690.403;2733.754;Pascal_LAMY;male;47;8
5458;2736.149;2738.435;Jerome_COLOMBAIN;male;47;8
5459;2738.435;2808.918;Pascal_LE_GUERN;male;47;8
5460;2808.918;2811.427;Jerome_COLOMBAIN;male;47;8
5461;2811.427;2825.37;Jerome_COLOMBAIN;male;47;8
5462;2825.37;2826.047;Benedicte_TASSART;female;47;8
5463;2826.047;2833.125;Jerome_COLOMBAIN;male;47;8
5464;2833.125;2873.14;Benedicte_TASSART;female;47;8
5465;2873.14;2877.17;Jerome_COLOMBAIN;male;47;8
5466;2877.17;2896.411;Benedicte_TASSART;female;47;8
5467;2896.411;2901.726;Jerome_COLOMBAIN;male;47;8
5468;2901.726;2951.966;Benedicte_TASSART;female;47;8
5469;2951.966;2961.283;Jerome_COLOMBAIN;male;47;8
5470;2964.007;2966.613;unk_401;female;47;8
5471;2968.448;2970.347;unk_401;female;47;8
5472;2970.347;3014.893;Gerald_ROUX;male;47;8
5473;3045.651;3048.898;Gerald_ROUX;male;47;8
5474;3050.931;3065.105;Gerald_ROUX;male;47;8
5475;3066.35;3085.489;Gerald_ROUX;male;47;8
5476;3087.812;3089.019;unk_402;female;47;8
5477;3092.189;3093.517;unk_402;female;47;8
5478;3094.523;3109.911;Marie-Odile_MONCHICOURT;female;47;8
5479;3109.911;3147.058;Philippe_POULETTI;male;47;8
5480;3147.058;3167.581;Marie-Odile_MONCHICOURT;female;47;8
5481;3167.581;3191.971;Philippe_POULETTI;male;47;8
5482;3191.971;3195.998;Marie-Odile_MONCHICOURT;female;47;8
5483;3195.998;3203.333;Philippe_POULETTI;male;47;8
5484;3203.333;3207.91;Marie-Odile_MONCHICOURT;female;47;8
5485;3210.755;3213.161;Jerome_COLOMBAIN;male;47;8
5486;3213.161;3302.78;Pascal_LE_GUERN;male;47;8
5487;3304.848;3330.219;Jerome_COLOMBAIN;male;47;8
5488;3330.219;3359.096;Jean-Luc_TROUSSEL;male;47;8
5489;3359.096;3381.422;Claude_LEROY;male;47;8
5490;3381.422;3406.849;Jean-Luc_TROUSSEL;male;47;8
5491;3406.849;3436.561;Claude_LEROY;male;47;8
5492;3436.561;3454.198;Jean-Luc_TROUSSEL;male;47;8
5493;3455.968;3465.397;unk_403;female;47;8
5494;3465.397;3595.737;Jean-Pierre_GAILLARD;male;47;8
5495;3601.5;3603.021;Jerome_COLOMBAIN;male;47;8
5794;5.431;7.102;Guillaume_VANHEMS;male;50;8
5795;7.102;8.173;Guillaume_VANHEMS;male;50;8
5796;8.173;13.671;unk_438;female;50;8
5797;13.671;32.343;Guillaume_VANHEMS;male;50;8
5798;32.936;60.56;Guillaume_VANHEMS;male;50;8
5799;61.346;62.317;Guillaume_VANHEMS;male;50;8
5800;62.317;64.256;Claude_MEINAU;male;50;8
5801;64.256;78.249;Claude_MEINAU;male;50;8
5802;78.249;115.061;Jean-Guy_TALAMONI;male;50;8
5803;115.061;157.04;Claude_MEINAU;male;50;8
5804;157.04;210.421;Philippe_BOCCARA;male;50;8
5805;210.421;258.644;Claude_MEINAU;male;50;8
5806;258.644;304.762;Sebastien_BAER;male;50;8
5807;304.762;316.375;Claude_MEINAU;male;50;8
5808;318.309;319.703;unk_438;female;50;8
5809;321.073;322.011;unk_438;female;50;8
5810;322.848;324.211;Claude_MEINAU;male;50;8
5811;324.211;410.259;Claude_MEINAU;male;50;8
5812;410.259;451.041;Kofi_ANNAN;male;50;8
5813;451.041;460.597;Claude_MEINAU;male;50;8
5814;460.597;462.442;Claude_MEINAU;male;50;8
5815;462.442;463.548;Guillaume_VANHEMS;male;50;8
5816;463.548;509.224;Guillaume_VANHEMS;male;50;8
5817;511.869;518.467;unk_439;female;50;8
5818;520.333;521.367;unk_439;female;50;8
5819;523.478;523.928;Joel_COLLADO;male;50;8
5820;523.928;576.596;Joel_COLLADO;male;50;8
5821;578.758;579.85;unk_440;female;50;8
5822;582.885;584.018;Guillaume_VANHEMS;male;50;8
5823;584.018;588.73;Guillaume_VANHEMS;male;50;8
5824;588.73;730.074;Fabrice_ABGRALL;male;50;8
5825;732.142;732.854;unk_441;female;50;8
5826;733.819;737.691;unk_441;female;50;8
5827;737.691;759.882;Guillaume_VANHEMS;male;50;8
5828;759.882;809.302;Mireille_LEMARESQUIER;female;50;8
5829;809.302;819.664;Bernard_MILLET;male;50;8
5830;819.664;825.343;Mireille_LEMARESQUIER;female;50;8
5831;825.343;877.812;Jacques_BAUTE;male;50;8
5832;879.719;880.657;Guillaume_VANHEMS;male;50;8
5833;880.657;899.177;Guillaume_VANHEMS;male;50;8
5834;902.74;909.927;unk_442;female;50;8
5835;910.872;923.253;unk_442;female;50;8
5836;924.527;931.848;unk_442;female;50;8
5837;934.296;936.505;Guillaume_VANHEMS;male;50;8
5838;936.505;1015.244;Claude_MEINAU;male;50;8
5839;1018.217;1021.176;Guillaume_VANHEMS;male;50;8
5840;1021.176;1038.818;Guillaume_VANHEMS;male;50;8
5841;1038.818;1051.732;Yves_IZARD;male;50;8
5842;1054.116;1068.101;Yves_IZARD;male;50;8
5843;1069.871;1081.767;Yves_IZARD;male;50;8
5844;1081.767;1092.57;Andress_CRUZET;male;50;8
5845;1092.57;1100.722;Yves_IZARD;male;50;8
5846;1103.448;1117.561;Yves_IZARD;male;50;8
5847;1119.318;1131.109;Yves_IZARD;male;50;8
5848;1132.717;1150.602;Yves_IZARD;male;50;8
5849;1152.057;1160.848;Yves_IZARD;male;50;8
5850;1163.515;1165.282;unk_443;female;50;8
5851;1166.609;1167.563;unk_443;female;50;8
5852;1171.341;1172.655;unk_444;female;50;8
5853;1174.137;1175.807;unk_444;female;50;8
5854;1175.807;1202.885;Emmanuelle_DAVIET;female;50;8
5855;1202.885;1227.728;Adrienne_RIBES-TIPHAINE;female;50;8
5856;1227.728;1230.864;Emmanuelle_DAVIET;female;50;8
5857;1230.864;1243.121;Adrienne_RIBES-TIPHAINE;female;50;8
5858;1243.121;1247.087;Emmanuelle_DAVIET;female;50;8
5859;1247.087;1279.337;Adrienne_RIBES-TIPHAINE;female;50;8
5860;1279.337;1288.103;Emmanuelle_DAVIET;female;50;8
5861;1292.397;1293.23;unk_445;female;50;8
5862;1294.832;1296.571;Guillaume_VANHEMS;male;50;8
5863;1296.571;1305.161;Guillaume_VANHEMS;male;50;8
5864;1319.274;1327.667;Bernard_STEPHANE;male;50;8
5865;1327.667;1335.73;Sinclair_CHANTEUR;male;50;8
5866;1335.73;1336.603;Bernard_STEPHANE;male;50;8
5867;1336.603;1352.209;Sinclair_CHANTEUR;male;50;8
5868;1352.209;1354.371;Bernard_STEPHANE;male;50;8
5869;1354.371;1385.64;Sinclair_CHANTEUR;male;50;8
5870;1385.64;1394.307;Sinclair_CHANTEUR;male;50;8
5871;1412.66;1416.357;Bernard_STEPHANE;male;50;8
5872;1416.357;1419.13;Bernard_STEPHANE;male;50;8
5873;1421.411;1424.638;Guillaume_VANHEMS;male;50;8
5874;1424.638;1502.816;Claude_MEINAU;male;50;8
5875;1505.318;1535.849;Guillaume_VANHEMS;male;50;8
5876;1535.849;1549.958;Paul_BIONDI;male;50;8
5877;1549.958;1557.789;unk_446;male;50;8
5878;1557.789;1564.398;unk_447;female;50;8
5879;1564.398;1572.014;unk_448;male;50;8
5880;1572.014;1575.342;unk_449;male;50;8
5881;1575.342;1582.326;unk_450;male;50;8
5882;1582.326;1597.295;Paul_BIONDI;male;50;8
5883;1597.295;1602.019;unk_451;male;50;8
5884;1602.818;1605.456;unk_451;male;50;8
5885;1605.456;1611.53;unk_452;male;50;8
5886;1612.817;1623.746;unk_452;male;50;8
5887;1623.746;1634.32;unk_453;male;50;8
5888;1634.32;1648.035;Paul_BIONDI;male;50;8
5889;1649.653;1656.19;unk_454;female;50;8
5890;1657.977;1664.014;Guillaume_VANHEMS;male;50;8
5891;1664.014;1743.806;Jean-Pierre_GAILLARD;male;50;8
5892;1743.806;1746.422;Guillaume_VANHEMS;male;50;8
5893;1746.422;1803.948;Jean-Pierre_GAILLARD;male;50;8
5894;1803.948;1806.989;Guillaume_VANHEMS;male;50;8
5895;1812.482;1814.04;Guillaume_VANHEMS;male;50;8
5896;1814.04;1815.559;Guillaume_VANHEMS;male;50;8
5897;1815.559;1892.239;Patrick_BOYER;male;50;8
5898;1892.239;1939.457;Quentin_DICKINSON;male;50;8
5899;1939.457;2010.216;Patrick_BOYER;male;50;8
5900;2012.332;2013.775;unk_438;female;50;8
5901;2014.964;2016.083;unk_438;female;50;8
5902;2017.251;2018.064;Patrick_BOYER;male;50;8
5903;2018.064;2038.482;Patrick_BOYER;male;50;8
5904;2038.482;2086.906;Michel_SIMES;male;50;8
5905;2086.906;2132.789;Patrick_BOYER;male;50;8
5906;2132.789;2180.918;Sylvie_JOHNSSON;female;50;8
5907;2180.918;2213.854;Patrick_BOYER;male;50;8
5908;2213.854;2226.778;Christelle_CAILLAUD;female;50;8
5909;2226.778;2255.799;Philippe_MUSSATTI;male;50;8
5910;2255.799;2269.517;Christelle_CAILLAUD;female;50;8
5911;2269.517;2275.484;Patrick_BOYER;male;50;8
5912;2277.442;2278.543;Patrick_BOYER;male;50;8
5913;2278.543;2304.998;Guillaume_VANHEMS;male;50;8
5914;2305.556;2320.918;Guillaume_VANHEMS;male;50;8
5915;2323.523;2330.182;unk_439;female;50;8
5916;2332.026;2333.073;unk_439;female;50;8
5917;2333.778;2335.745;Joel_COLLADO;male;50;8
5918;2335.745;2386.936;Joel_COLLADO;male;50;8
5919;2389.151;2390.078;unk_440;female;50;8
5920;2393.587;2394.554;Guillaume_VANHEMS;male;50;8
5921;2394.554;2401.766;Guillaume_VANHEMS;male;50;8
5922;2401.766;2539.393;Fabrice_ABGRALL;male;50;8
5923;2541.586;2542.325;unk_441;female;50;8
5924;2543.263;2547.531;unk_441;female;50;8
5925;2547.531;2563.018;Guillaume_VANHEMS;male;50;8
5926;2563.716;2601.974;Benedicte_TASSART;female;50;8
5927;2601.974;2633.838;Serge_RAMPA;male;50;8
5928;2633.838;2647.039;Benedicte_TASSART;female;50;8
5929;2647.039;2681.634;Jean_LARDIN;male;50;8
5930;2681.634;2688.48;Benedicte_TASSART;female;50;8
5931;2691.405;2692.392;unk_455;female;50;8
5932;2695.807;2696.687;unk_455;female;50;8
5933;2697.235;2699.827;Thierry_BEAUMONT;male;50;8
5934;2699.827;2807.74;Thierry_BEAUMONT;male;50;8
5935;2809.994;2812.538;Guillaume_VANHEMS;male;50;8
5936;2812.538;2865.44;Patrick_BOYER;male;50;8
5937;2867.374;2868.701;Patrick_BOYER;male;50;8
5938;2868.701;2895.13;Guillaume_VANHEMS;male;50;8
5939;2895.13;2921.619;Marie-Ange_LESCURE;female;50;8
5940;2921.619;2965.03;Dominique_CHARPIN;male;50;8
5941;2965.03;2976.359;Marie-Ange_LESCURE;female;50;8
5942;2976.359;3003.015;Jean-Marie_DURAND;male;50;8
5943;3003.015;3018.411;Marie-Ange_LESCURE;female;50;8
5944;3018.411;3029.576;Guillaume_VANHEMS;male;50;8
5945;3029.576;3144.847;Pascal_DELANNOY;male;50;8
5946;3149.006;3151.703;unk_456;female;50;8
5947;3152.842;3154.87;unk_456;female;50;8
5948;3158.238;3176.131;Florence_LEROY;female;50;8
5949;3176.131;3198.371;Jean-Pierre_LAVOIGNAT;male;50;8
5950;3200.963;3253.523;Jean-Pierre_LAVOIGNAT;male;50;8
5951;3253.523;3267.24;Florence_LEROY;female;50;8
5952;3269.87;3272.432;Guillaume_VANHEMS;male;50;8
5953;3272.432;3323.947;Patrick_BOYER;male;50;8
5954;3326.313;3326.85;Guillaume_VANHEMS;male;50;8
5955;3326.85;3356.297;Guillaume_VANHEMS;male;50;8
5956;3358.02;3367.252;Marie-Laurence_DALLA;female;50;8
5957;3367.252;3368.331;unk_457;female;50;8
5958;3368.331;3375.88;unk_458;female;50;8
5959;3375.88;3383.985;unk_459;female;50;8
5960;3386.919;3392.63;Marie-Laurence_DALLA;female;50;8
5961;3392.63;3395.965;unk_460;female;50;8
5962;3395.965;3396.809;unk_461;female;50;8
5963;3396.809;3401.359;unk_460;female;50;8
5964;3401.359;3407.32;Marie-Laurence_DALLA;female;50;8
5965;3407.32;3414.518;unk_462;female;50;8
5966;3414.518;3415.951;unk_463;female;50;8
5967;3415.951;3422.347;unk_464;female;50;8
5968;3422.347;3423.858;unk_465;NA;50;8
5969;3423.858;3426.911;unk_466;NA;50;8
5970;3427.609;3429.708;unk_467;NA;50;8
5971;3429.708;3432.172;Marie-Laurence_DALLA;female;50;8
5972;3432.172;3438.332;unk_468;male;50;8
5973;3438.332;3440.158;unk_469;female;50;8
5974;3440.158;3443.952;unk_470;female;50;8
5975;3443.952;3444.641;unk_471;female;50;8
5976;3444.641;3453.404;Marie-Laurence_DALLA;female;50;8
5977;3453.404;3459.207;Beatrice_BABIN;female;50;8
5978;3459.207;3460.649;unk_472;female;50;8
5979;3460.649;3472.469;Beatrice_BABIN;female;50;8
5980;3472.469;3475.642;Marie-Laurence_DALLA;female;50;8
5981;3477.287;3478.623;Vincent_FERNIAUX;male;50;8
5982;3478.623;3496.782;Vincent_FERNIAUX;male;50;8
5983;3502.131;3508.782;unk_454;female;50;8
5984;3509.357;3510.925;Jean-Pierre_GAILLARD;male;50;8
5985;3510.925;3538.429;Jean-Pierre_GAILLARD;male;50;8
5986;3538.429;3589.213;Bertrand_DE_MONTESQUIOU;male;50;8
5987;3589.213;3590.643;multi_spk;NA;50;8
5988;3590.643;3607.869;Bertrand_DE_MONTESQUIOU;male;50;8
5989;3607.869;3609.431;Jean-Pierre_GAILLARD;male;50;8
5990;3609.431;3628.162;Bertrand_DE_MONTESQUIOU;male;50;8
5991;3628.162;3629.841;Jean-Pierre_GAILLARD;male;50;8
5992;3629.841;3635.047;Bertrand_DE_MONTESQUIOU;male;50;8
5993;3635.047;3636.661;Jean-Pierre_GAILLARD;male;50;8
5994;3641.528;3643.273;Guillaume_VANHEMS;male;50;8
5995;6.106;7.437;unk_473;male;51;8
5996;7.437;12.841;unk_474;female;51;8
5997;12.841;65.163;Jerome_COLOMBAIN;male;51;8
5998;65.163;82.627;Patrick_BOYER;male;51;8
5999;82.627;132.801;Lionel_THOMPSON;male;51;8
6000;132.801;190.124;Patrick_BOYER;male;51;8
6001;192.223;193.695;unk_474;female;51;8
6002;194.975;196.681;unk_474;female;51;8
6003;196.681;208.556;Patrick_BOYER;male;51;8
6004;208.556;246.496;Thomas_BRUNELLI;male;51;8
6005;246.496;266.313;Patrick_BOYER;male;51;8
6006;266.313;303.41;Michel_MELZ;male;51;8
6007;303.41;329.942;Patrick_BOYER;male;51;8
6008;329.942;371.479;Frederic_BOURGADE;male;51;8
6009;371.479;427.117;Patrick_BOYER;male;51;8
6010;429.18;430.307;Patrick_BOYER;male;51;8
6011;430.307;490.767;Jerome_COLOMBAIN;male;51;8
6012;493.613;500.484;unk_475;female;51;8
6013;501.963;505.041;unk_475;female;51;8
6014;505.041;568.786;Joel_COLLADO;male;51;8
6015;571.429;572.539;unk_476;female;51;8
6016;573.601;575.814;unk_476;female;51;8
6017;575.814;578.008;Jerome_COLOMBAIN;male;51;8
6018;578.008;617.373;Sebastien_DARRAS;male;51;8
6019;619.665;620.631;unk_477;female;51;8
6020;624.123;633.133;Jerome_COLOMBAIN;male;51;8
6021;633.133;759.285;Fabrice_ABGRALL;male;51;8
6022;762.145;762.965;unk_474;female;51;8
6023;764.389;766.73;unk_474;female;51;8
6024;768.678;817.552;Jerome_COLOMBAIN;male;51;8
6025;817.552;834.171;Christophe_LURIE;male;51;8
6026;835.163;849.458;Christophe_LURIE;male;51;8
6027;850.545;864.745;Christophe_LURIE;male;51;8
6028;866.037;897.155;Christophe_LURIE;male;51;8
6029;898.499;905.764;Christophe_LURIE;male;51;8
6030;907.337;926.736;Christophe_LURIE;male;51;8
6031;929.824;932.224;Jerome_COLOMBAIN;male;51;8
6032;932.224;987.478;Patrick_BOYER;male;51;8
6033;989.747;990.802;Patrick_BOYER;male;51;8
6034;990.802;1023.147;Jerome_COLOMBAIN;male;51;8
6035;1023.147;1079.029;Pascal_DELANNOY;male;51;8
6036;1079.029;1082.768;Jerome_COLOMBAIN;male;51;8
6037;1082.768;1146.273;Pascal_DELANNOY;male;51;8
6038;1146.273;1160.592;Jerome_COLOMBAIN;male;51;8
6039;1164.71;1166.585;unk_474;female;51;8
6040;1166.585;1180.191;Jerome_COLOMBAIN;male;51;8
6041;1198.243;1206.853;Bernard_STEPHANE;male;51;8
6042;1206.853;1216.493;Sinclair_CHANTEUR;male;51;8
6043;1216.493;1220.767;Bernard_STEPHANE;male;51;8
6044;1220.767;1287.375;Sinclair_CHANTEUR;male;51;8
6045;1287.375;1292.184;Sinclair_CHANTEUR;male;51;8
6046;1313.629;1316.667;Bernard_STEPHANE;male;51;8
6047;1316.667;1379.085;Sinclair_CHANTEUR;male;51;8
6048;1379.085;1381.02;Bernard_STEPHANE;male;51;8
6049;1381.02;1381.545;Sinclair_CHANTEUR;male;51;8
6050;1402.506;1405.501;Jerome_COLOMBAIN;male;51;8
6051;1408.71;1411.406;Jerome_COLOMBAIN;male;51;8
6052;1411.406;1465.458;Patrick_BOYER;male;51;8
6053;1467.678;1487.8;Jerome_COLOMBAIN;male;51;8
6054;1487.8;1514.565;Pascal_DERVIEUX;male;51;8
6055;1518.236;1525.611;Pascal_DERVIEUX;male;51;8
6056;1526.402;1530.353;Pascal_DERVIEUX;male;51;8
6057;1532.822;1540.956;Pascal_DERVIEUX;male;51;8
6058;1543.098;1560.728;Pascal_DERVIEUX;male;51;8
6059;1566.392;1581.101;Pascal_DERVIEUX;male;51;8
6060;1583.269;1587.565;Pascal_DERVIEUX;male;51;8
6061;1589.416;1605.38;Pascal_DERVIEUX;male;51;8
6062;1608.201;1609.721;unk_474;female;51;8
6063;1610.904;1611.836;unk_474;female;51;8
6064;1616.47;1642.411;unk_474;female;51;8
6065;1661.958;1670.47;unk_478;female;51;8
6066;1671.797;1771.569;Patrick_LELONG;male;51;8
6067;1777.197;1780.713;Jerome_COLOMBAIN;male;51;8
6068;1780.713;1798.568;Pascal_LE_GUERN;male;51;8
6069;1798.568;1815.639;Bertrand_GALLICHER;male;51;8
6070;1815.639;1834.696;Francois_RIVASSEAU;male;51;8
6071;1834.696;1847.089;Bertrand_GALLICHER;male;51;8
6072;1847.838;1903.386;Pascal_LE_GUERN;male;51;8
6073;1905.895;1907.175;unk_474;female;51;8
6074;1908.333;1910.498;unk_474;female;51;8
6075;1910.498;1924.413;Pascal_LE_GUERN;male;51;8
6076;1924.413;1961.231;Jean-Guy_TALAMONI;male;51;8
6077;1961.231;1983.318;Pascal_LE_GUERN;male;51;8
6078;1983.318;2030.435;Pascal_PIEROZZI;male;51;8
6079;2030.435;2102.063;Pascal_LE_GUERN;male;51;8
6080;2102.063;2148.413;Sebastien_BAER;male;51;8
6081;2148.413;2197.066;Pascal_LE_GUERN;male;51;8
6082;2198.434;2199.513;Pascal_LE_GUERN;male;51;8
6083;2199.513;2262.597;Jerome_COLOMBAIN;male;51;8
6084;2262.597;2301.25;Jean-Pierre_GAILLARD;male;51;8
6085;2301.25;2306.339;Jerome_COLOMBAIN;male;51;8
6086;2309.24;2315.725;unk_475;female;51;8
6087;2317.588;2318.814;unk_475;female;51;8
6088;2321.073;2385.09;Joel_COLLADO;male;51;8
6089;2387.776;2388.91;unk_476;female;51;8
6090;2389.996;2392.185;unk_476;female;51;8
6091;2392.185;2396.528;Jerome_COLOMBAIN;male;51;8
6092;2396.528;2434.815;Sebastien_DARRAS;male;51;8
6093;2437.331;2438.417;unk_477;female;51;8
6094;2441.716;2443.986;Christophe_DELACROIX;male;51;8
6095;2443.986;2468.126;Christophe_DELACROIX;male;51;8
6096;2468.126;2485.222;Olivier_KAPO;male;51;8
6097;2485.222;2496.281;Christophe_DELACROIX;male;51;8
6098;2496.281;2519.342;Salomon_LEMBWE;male;51;8
6099;2519.342;2526.876;Christophe_DELACROIX;male;51;8
6100;2526.876;2542.203;Antoine_SIBIASKI;male;51;8
6101;2542.203;2558.232;Christophe_DELACROIX;male;51;8
6102;2561.065;2561.861;unk_474;female;51;8
6103;2563.382;2565.699;unk_474;female;51;8
6104;2567.574;2603.465;Jerome_COLOMBAIN;male;51;8
6105;2603.465;2626.961;Stephane_IGLESIS;male;51;8
6106;2626.961;2657.069;Pierre_NEGREL;male;51;8
6107;2657.069;2662.922;Stephane_IGLESIS;male;51;8
6108;2662.922;2678.343;unk_479;female;51;8
6109;2678.343;2683.465;Stephane_IGLESIS;male;51;8
6110;2683.465;2706.209;Nicole_BELLOUBET_FRIER;female;51;8
6111;2706.209;2719.215;Stephane_IGLESIS;male;51;8
6112;2722.195;2724.698;Jerome_COLOMBAIN;male;51;8
6113;2724.698;2776.63;Pascal_LE_GUERN;male;51;8
6114;2778.895;2779.684;Pascal_LE_GUERN;male;51;8
6115;2779.684;2782.103;Jerome_COLOMBAIN;male;51;8
6116;2782.103;2819.478;Jerome_COLOMBAIN;male;51;8
6117;2819.478;2893.29;Dominique_CHARPIN;male;51;8
6118;2893.29;2901.381;Marie-Ange_LESCURE;female;51;8
6119;2901.381;2929.399;Dominique_CHARPIN;male;51;8
6120;2929.399;2944.782;Jerome_COLOMBAIN;male;51;8
6121;2947.596;2950.202;unk_480;female;51;8
6122;2952.085;2953.574;unk_480;female;51;8
6123;2953.574;2962.526;Jerome_COLOMBAIN;male;51;8
6124;2964.852;3027.617;Gerald_ROUX;male;51;8
6125;3053.528;3058.952;Gerald_ROUX;male;51;8
6126;3061.199;3080.176;Gerald_ROUX;male;51;8
6127;3083.202;3084.481;unk_481;female;51;8
6128;3086.026;3087.37;unk_481;female;51;8
6129;3087.37;3114.41;Emmanuelle_DAVIET;female;51;8
6130;3114.41;3139.299;Adrienne_RIBES-TIPHAINE;female;51;8
6131;3139.299;3142.274;Emmanuelle_DAVIET;female;51;8
6132;3142.274;3154.594;Adrienne_RIBES-TIPHAINE;female;51;8
6133;3154.594;3158.625;Emmanuelle_DAVIET;female;51;8
6134;3158.625;3190.79;Adrienne_RIBES-TIPHAINE;female;51;8
6135;3190.79;3199.534;Emmanuelle_DAVIET;female;51;8
6136;3203.455;3206.513;Jerome_COLOMBAIN;male;51;8
6137;3206.513;3273.019;Pascal_LE_GUERN;male;51;8
6138;3275.587;3304.744;Jerome_COLOMBAIN;male;51;8
6139;3304.744;3319.355;Benoit_FURIC;male;51;8
6140;3319.355;3332.235;unk_482;female;51;8
6141;3332.235;3338.252;Benoit_FURIC;male;51;8
6142;3338.252;3349.664;unk_483;female;51;8
6143;3349.664;3363.284;Benoit_FURIC;male;51;8
6144;3363.284;3370.979;unk_484;male;51;8
6145;3370.979;3378.767;Benoit_FURIC;male;51;8
6146;3378.767;3385.391;unk_485;female;51;8
6147;3385.391;3394.533;Benoit_FURIC;male;51;8
6148;3394.533;3408.183;unk_486;male;51;8
6149;3408.183;3411.486;Benoit_FURIC;male;51;8
6150;3411.486;3419.048;unk_485;female;51;8
6151;3419.048;3447.875;Jerome_COLOMBAIN;male;51;8
6152;3449.0;3457.592;unk_487;female;51;8
6153;3458.915;3590.453;Jean-Pierre_GAILLARD;male;51;8
6154;3596.339;3598.164;Jerome_COLOMBAIN;male;51;8
6490;5.633;7.645;Guillaume_VANHEMS;male;54;8
6491;7.645;13.121;unk_533;female;54;8
6492;13.121;51.355;Guillaume_VANHEMS;male;54;8
6493;52.447;54.743;Guillaume_VANHEMS;male;54;8
6494;54.743;152.712;Patrick_BOYER;male;54;8
6495;154.538;156.002;unk_533;female;54;8
6496;157.329;158.215;unk_533;female;54;8
6497;159.283;161.004;Patrick_BOYER;male;54;8
6498;161.004;212.734;Patrick_BOYER;male;54;8
6499;212.734;263.001;Benedicte_TASSART;female;54;8
6500;263.001;301.098;Patrick_BOYER;male;54;8
6501;301.098;340.883;Jean-Marie_LE_PEN;male;54;8
6502;340.883;405.078;Patrick_BOYER;male;54;8
6503;405.078;430.688;Laurent_GUILLEMOT;male;54;8
6504;430.688;439.884;Patrick_BOYER;male;54;8
6505;442.05;442.88;Patrick_BOYER;male;54;8
6506;442.88;501.999;Guillaume_VANHEMS;male;54;8
6507;504.776;511.396;unk_534;female;54;8
6508;513.254;514.286;unk_534;female;54;8
6509;516.063;516.822;Joel_COLLADO;male;54;8
6510;516.822;580.051;Joel_COLLADO;male;54;8
6511;582.273;583.213;unk_535;female;54;8
6512;586.473;587.814;Guillaume_VANHEMS;male;54;8
6513;587.814;595.432;Guillaume_VANHEMS;male;54;8
6514;595.432;620.611;Tony_CELIER;male;54;8
6515;620.611;630.799;Savio_BORTOLINI-PIMENTEL;male;54;8
6516;630.799;653.768;Tony_CELIER;male;54;8
6517;653.768;663.383;Elie_BAUP;male;54;8
6518;663.383;682.721;Tony_CELIER;male;54;8
6519;682.721;701.641;Jean-Louis_TRIAUD;male;54;8
6520;701.641;716.161;Tony_CELIER;male;54;8
6521;717.961;719.134;unk_536;female;54;8
6522;719.971;723.731;unk_536;female;54;8
6523;723.731;724.481;Guillaume_VANHEMS;male;54;8
6524;724.481;749.385;Guillaume_VANHEMS;male;54;8
6525;749.385;753.176;Franck_COGNARD;male;54;8
6526;753.176;762.252;Nicolas_SARKOZY;male;54;8
6527;762.252;791.844;Franck_COGNARD;male;54;8
6528;791.844;807.967;Jean-Luc_GARNIER;male;54;8
6529;807.967;829.581;Franck_COGNARD;male;54;8
6530;829.581;859.463;Gerald_NOULE;male;54;8
6531;859.463;869.222;Franck_COGNARD;male;54;8
6532;871.872;873.399;unk_537;female;54;8
6533;874.956;876.064;unk_537;female;54;8
6534;876.064;883.243;unk_538;female;54;8
6535;884.718;890.59;Guillaume_VANHEMS;male;54;8
6536;890.59;943.406;Christian_MAGDELEINE;male;54;8
6537;946.264;948.779;Guillaume_VANHEMS;male;54;8
6538;949.37;1000.344;Patrick_BOYER;male;54;8
6539;1001.458;1026.667;Patrick_BOYER;male;54;8
6540;1028.88;1030.257;Patrick_BOYER;male;54;8
6541;1030.257;1031.678;Guillaume_VANHEMS;male;54;8
6542;1031.678;1050.665;Guillaume_VANHEMS;male;54;8
6543;1050.665;1063.234;Benoit_COLLOMBAT;male;54;8
6544;1064.858;1078.12;Benoit_COLLOMBAT;male;54;8
6545;1078.864;1105.659;Benoit_COLLOMBAT;male;54;8
6546;1107.91;1140.036;Benoit_COLLOMBAT;male;54;8
6547;1141.496;1164.924;Benoit_COLLOMBAT;male;54;8
6548;1167.594;1169.27;unk_537;female;54;8
6549;1170.613;1171.517;unk_537;female;54;8
6550;1174.182;1175.492;unk_539;female;54;8
6551;1177.034;1178.813;unk_539;female;54;8
6552;1178.813;1208.708;Emmanuelle_DAVIET;female;54;8
6553;1208.708;1222.106;Catherine_NERESSIS;female;54;8
6554;1222.106;1225.085;Emmanuelle_DAVIET;female;54;8
6555;1225.085;1246.927;Catherine_NERESSIS;female;54;8
6556;1246.927;1249.475;Emmanuelle_DAVIET;female;54;8
6557;1249.475;1264.476;Catherine_NERESSIS;female;54;8
6558;1264.476;1283.396;Emmanuelle_DAVIET;female;54;8
6559;1287.341;1288.174;unk_540;female;54;8
6560;1289.407;1291.931;Guillaume_VANHEMS;male;54;8
6561;1291.931;1299.833;Guillaume_VANHEMS;male;54;8
6562;1299.833;1312.454;Jerome_DESCHAMPS;male;54;8
6563;1312.454;1315.366;Bernard_STEPHANE;male;54;8
6564;1315.366;1341.679;Macha_MAKEIEFF;female;54;8
6565;1341.679;1346.032;Bernard_STEPHANE;male;54;8
6566;1346.032;1358.793;Macha_MAKEIEFF;female;54;8
6567;1358.793;1366.308;Bernard_STEPHANE;male;54;8
6568;1366.308;1379.611;Macha_MAKEIEFF;female;54;8
6569;1379.611;1391.074;Bernard_STEPHANE;male;54;8
6570;1391.074;1405.532;Macha_MAKEIEFF;female;54;8
6571;1405.532;1420.872;Guillaume_VANHEMS;male;54;8
6572;1423.206;1424.958;Guillaume_VANHEMS;male;54;8
6573;1424.958;1463.846;Patrick_BOYER;male;54;8
6574;1464.551;1509.63;Patrick_BOYER;male;54;8
6575;1512.262;1531.444;Guillaume_VANHEMS;male;54;8
6576;1532.008;1546.534;Cecile_ASPE;female;54;8
6577;1546.534;1557.174;unk_541;male;54;8
6578;1557.174;1557.964;Cecile_ASPE;female;54;8
6579;1557.964;1559.079;unk_541;male;54;8
6580;1559.079;1562.459;Cecile_ASPE;female;54;8
6581;1562.459;1570.641;unk_541;male;54;8
6582;1570.641;1582.043;Cecile_ASPE;female;54;8
6583;1582.043;1590.566;unk_542;male;54;8
6584;1590.566;1607.688;Cecile_ASPE;female;54;8
6585;1607.688;1628.406;Michel_TURPIN;male;54;8
6586;1628.406;1638.141;Cecile_ASPE;female;54;8
6587;1641.042;1667.109;unk_543;female;54;8
6588;1676.68;1678.009;unk_544;female;54;8
6589;1681.417;1682.632;unk_544;female;54;8
6590;1685.242;1715.203;Francois-Xavier_FRELAND;male;54;8
6591;1730.392;1753.743;Francois-Xavier_FRELAND;male;54;8
6592;1756.507;1759.499;Francois-Xavier_FRELAND;male;54;8
6593;1759.499;1762.679;Andre_BRETON;male;54;8
6594;1762.679;1798.86;Francois-Xavier_FRELAND;male;54;8
6595;1800.496;1808.067;Francois-Xavier_FRELAND;male;54;8
6596;1808.067;1812.37;unk_545;female;54;8
6597;1816.262;1817.28;Francois-Xavier_FRELAND;male;54;8
6598;1826.71;1830.329;unk_546;female;54;8
6599;1835.18;1838.21;Guillaume_VANHEMS;male;54;8
6600;1838.21;1872.72;Pascal_LE_GUERN;male;54;8
6601;1872.72;1910.15;Francois_CHEREQUE;male;54;8
6602;1910.15;1946.861;Pascal_LE_GUERN;male;54;8
6603;1946.861;1991.527;Thibaud_VINCENT;male;54;8
6604;1991.527;2003.251;Pascal_LE_GUERN;male;54;8
6605;2005.346;2006.626;unk_533;female;54;8
6606;2007.752;2008.753;unk_533;female;54;8
6607;2009.375;2010.832;Pascal_LE_GUERN;male;54;8
6608;2010.832;2097.038;Pascal_LE_GUERN;male;54;8
6609;2097.038;2137.942;Francois_GAULT;male;54;8
6610;2137.942;2155.4;Pascal_LE_GUERN;male;54;8
6611;2155.4;2197.329;Christian_FILITZ;male;54;8
6612;2197.329;2231.544;Pascal_LE_GUERN;male;54;8
6613;2232.683;2233.771;Pascal_LE_GUERN;male;54;8
6614;2233.771;2235.065;Guillaume_VANHEMS;male;54;8
6615;2235.065;2276.825;Guillaume_VANHEMS;male;54;8
6616;2280.69;2287.22;unk_534;female;54;8
6617;2289.079;2290.12;unk_534;female;54;8
6618;2291.897;2292.676;Joel_COLLADO;male;54;8
6619;2292.676;2356.081;Joel_COLLADO;male;54;8
6620;2358.241;2359.219;unk_535;female;54;8
6621;2363.059;2364.082;Guillaume_VANHEMS;male;54;8
6622;2364.082;2371.114;Guillaume_VANHEMS;male;54;8
6623;2371.672;2392.962;Julien_LANGLET;male;54;8
6624;2392.962;2428.92;Gerard_ROUGIER;male;54;8
6625;2428.92;2449.934;Julien_LANGLET;male;54;8
6626;2449.934;2467.41;Marcel_CALVAT;male;54;8
6627;2467.41;2486.704;Julien_LANGLET;male;54;8
6628;2488.665;2489.417;unk_536;female;54;8
6629;2490.323;2494.325;unk_536;female;54;8
6630;2494.325;2495.449;Guillaume_VANHEMS;male;54;8
6631;2495.449;2524.387;Guillaume_VANHEMS;male;54;8
6632;2524.387;2566.183;Benedicte_TASSART;female;54;8
6633;2566.183;2577.234;Guillaume_VANHEMS;male;54;8
6634;2577.234;2607.605;Benedicte_TASSART;female;54;8
6635;2607.605;2690.051;Guillaume_VANHEMS;male;54;8
6636;2690.051;2697.603;unk_538;female;54;8
6637;2698.467;2699.519;Guillaume_VANHEMS;male;54;8
6638;2699.519;2702.515;Guillaume_VANHEMS;male;54;8
6639;2702.515;2766.231;Christian_MAGDELEINE;male;54;8
6640;2768.346;2770.635;Guillaume_VANHEMS;male;54;8
6641;2770.635;2818.401;Pascal_LE_GUERN;male;54;8
6642;2820.85;2821.763;Pascal_LE_GUERN;male;54;8
6643;2821.763;2824.307;Guillaume_VANHEMS;male;54;8
6644;2824.307;2848.229;Guillaume_VANHEMS;male;54;8
6645;2848.229;2907.723;Philippe_SEGUIN;male;54;8
6646;2907.723;2913.896;Sylvie_JOHNSSON;female;54;8
6647;2913.896;2946.953;Philippe_SEGUIN;male;54;8
6648;2946.953;2951.058;Sylvie_JOHNSSON;female;54;8
6649;2951.058;2962.4;Philippe_SEGUIN;male;54;8
6650;2962.4;2982.791;Guillaume_VANHEMS;male;54;8
6651;2987.998;2990.576;unk_547;female;54;8
6652;2991.409;2993.441;unk_547;female;54;8
6653;2993.441;3016.528;Florence_LEROY;female;54;8
6654;3018.046;3059.102;Florence_LEROY;female;54;8
6655;3059.102;3063.757;Marin_KARMITZ;male;54;8
6656;3065.04;3067.905;Marin_KARMITZ;male;54;8
6657;3068.809;3070.253;Marin_KARMITZ;male;54;8
6658;3071.104;3072.478;Marin_KARMITZ;male;54;8
6659;3073.351;3092.761;Marin_KARMITZ;male;54;8
6660;3092.761;3097.207;Florence_LEROY;female;54;8
6661;3097.207;3099.964;unk_548;female;54;8
6662;3100.649;3102.231;unk_548;female;54;8
6663;3103.48;3105.661;unk_548;female;54;8
6664;3105.661;3129.301;Cecile_ASPE;female;54;8
6665;3129.301;3150.574;unk_549;male;54;8
6666;3150.574;3152.546;Cecile_ASPE;female;54;8
6667;3152.546;3159.633;unk_549;male;54;8
6668;3159.633;3183.496;Cecile_ASPE;female;54;8
6669;3185.347;3217.295;Cecile_ASPE;female;54;8
6670;3223.874;3225.678;unk_537;female;54;8
6671;3227.724;3228.749;unk_537;female;54;8
6672;3235.918;3240.078;Guillaume_VANHEMS;male;54;8
6673;3240.078;3299.521;Pascal_LE_GUERN;male;54;8
6674;3301.781;3318.209;Guillaume_VANHEMS;male;54;8
6675;3318.645;3344.713;Bertrand_GALLICHER;male;54;8
6676;3344.713;3369.157;Alain_TOUSSAINT;male;54;8
6677;3369.157;3373.908;Bertrand_GALLICHER;male;54;8
6678;3373.908;3383.825;Alain_TOUSSAINT;male;54;8
6679;3383.825;3391.604;Bertrand_GALLICHER;male;54;8
6680;3391.604;3424.853;Antoine_GLASER;male;54;8
6681;3424.853;3441.634;Bertrand_GALLICHER;male;54;8
6682;3444.279;3451.391;unk_550;female;54;8
6683;3451.391;3452.486;Guillaume_VANHEMS;male;54;8
6684;3452.486;3456.969;unk_550;female;54;8
6685;3459.176;3460.436;unk_551;female;54;8
6686;3461.262;3463.699;unk_551;female;54;8
6687;3464.738;3465.944;unk_551;female;54;8
6688;3466.784;3467.688;Olivier_BOST;male;54;8
6689;3467.688;3600.64;Olivier_BOST;male;54;8
6690;3605.702;3607.575;Guillaume_VANHEMS;male;54;8
6691;7.188;8.558;unk_552;male;55;8
6692;8.558;13.829;unk_553;female;55;8
6693;13.829;53.336;Jerome_COLOMBAIN;male;55;8
6694;53.336;66.463;Pascal_LE_GUERN;male;55;8
6695;66.463;108.126;Sebastien_BAER;male;55;8
6696;108.126;129.553;Pascal_LE_GUERN;male;55;8
6697;129.553;177.632;Benedicte_TASSART;female;55;8
6698;177.632;208.635;Pascal_LE_GUERN;male;55;8
6699;210.934;212.237;unk_553;female;55;8
6700;213.395;214.981;unk_553;female;55;8
6701;214.981;302.189;Pascal_LE_GUERN;male;55;8
6702;302.189;330.225;Fabrice_GALZIN;male;55;8
6703;330.225;335.756;Pascal_LE_GUERN;male;55;8
6704;335.756;347.427;Fabrice_GALZIN;male;55;8
6705;347.427;360.696;Pascal_LE_GUERN;male;55;8
6706;360.696;407.778;Fabrice_ABGRALL;male;55;8
6707;407.778;424.628;Pascal_LE_GUERN;male;55;8
6708;425.721;426.676;Pascal_LE_GUERN;male;55;8
6709;426.676;485.24;Jerome_COLOMBAIN;male;55;8
6710;488.404;495.275;unk_554;female;55;8
6711;496.682;497.761;unk_554;female;55;8
6712;499.528;563.794;Joel_COLLADO;male;55;8
6713;566.059;567.193;unk_555;female;55;8
6714;570.372;646.554;Patrick_GRIVAZ;male;55;8
6715;646.554;687.489;Max_MOSLEY;male;55;8
6716;687.489;693.305;Patrick_GRIVAZ;male;55;8
6717;696.14;696.953;unk_553;female;55;8
6718;698.409;700.815;unk_553;female;55;8
6719;702.647;728.142;Jerome_COLOMBAIN;male;55;8
6720;728.142;731.779;Franck_COGNARD;male;55;8
6721;731.779;740.739;Nicolas_SARKOZY;male;55;8
6722;740.739;770.501;Franck_COGNARD;male;55;8
6723;770.501;786.61;Jean-Luc_GARNIER;male;55;8
6724;786.61;808.272;Franck_COGNARD;male;55;8
6725;808.272;838.075;Gerald_NOULE;male;55;8
6726;838.075;847.91;Franck_COGNARD;male;55;8
6727;847.91;855.905;unk_556;female;55;8
6728;855.905;895.62;Jerome_COLOMBAIN;male;55;8
6729;898.641;900.902;Jerome_COLOMBAIN;male;55;8
6730;900.902;970.878;Pascal_LE_GUERN;male;55;8
6731;972.954;974.081;Pascal_LE_GUERN;male;55;8
6732;974.081;1000.094;Jerome_COLOMBAIN;male;55;8
6733;1000.094;1016.741;Florent_GUYOTAT;male;55;8
6734;1018.449;1056.662;unk_557;male;55;8
6735;1058.184;1074.633;Florent_GUYOTAT;male;55;8
6736;1077.293;1095.582;unk_557;male;55;8
6737;1097.879;1109.364;Florent_GUYOTAT;male;55;8
6738;1114.451;1115.916;unk_553;female;55;8
6739;1119.115;1120.298;unk_553;female;55;8
6740;1127.972;1129.197;unk_553;female;55;8
6741;1130.412;1145.654;Jerome_COLOMBAIN;male;55;8
6742;1145.654;1162.466;Bernard_STEPHANE;male;55;8
6743;1162.466;1175.984;Macha_MAKEIEFF;female;55;8
6744;1175.984;1178.743;Bernard_STEPHANE;male;55;8
6745;1178.743;1205.029;Macha_MAKEIEFF;female;55;8
6746;1205.029;1213.191;Bernard_STEPHANE;male;55;8
6747;1213.191;1234.3;Macha_MAKEIEFF;female;55;8
6748;1234.3;1238.214;Bernard_STEPHANE;male;55;8
6749;1238.214;1250.028;Jerome_DESCHAMPS;male;55;8
6750;1250.028;1256.132;multi_spk;NA;55;8
6751;1256.132;1263.001;Jerome_DESCHAMPS;male;55;8
6752;1263.001;1269.596;Bernard_STEPHANE;male;55;8
6753;1269.596;1277.369;Jerome_DESCHAMPS;male;55;8
6754;1277.369;1279.918;multi_spk;NA;55;8
6755;1279.918;1288.784;Bernard_STEPHANE;male;55;8
6756;1288.784;1312.587;Jerome_DESCHAMPS;male;55;8
6757;1312.587;1328.438;Bernard_STEPHANE;male;55;8
6758;1328.438;1363.02;Macha_MAKEIEFF;female;55;8
6759;1363.02;1375.373;Jerome_COLOMBAIN;male;55;8
6760;1376.845;1378.052;unk_558;female;55;8
6761;1378.68;1380.417;unk_558;female;55;8
6762;1381.262;1382.572;unk_558;female;55;8
6763;1382.572;1408.192;Lionel_OVADIA;male;55;8
6764;1411.127;1414.257;Jerome_COLOMBAIN;male;55;8
6765;1414.257;1499.206;Pascal_LE_GUERN;male;55;8
6766;1501.54;1522.379;Jerome_COLOMBAIN;male;55;8
6767;1522.379;1531.319;multi_spk;NA;55;8
6768;1531.319;1542.099;unk_552;male;55;8
6769;1542.099;1555.683;Dominique_MANENT;female;55;8
6770;1555.683;1566.401;Didier_TIRARD;male;55;8
6771;1566.401;1581.079;Dominique_MANENT;female;55;8
6772;1581.079;1597.846;Didier_TIRARD;male;55;8
6773;1597.846;1607.855;Dominique_MANENT;female;55;8
6774;1607.855;1625.937;Didier_CAZEAUX;male;55;8
6775;1625.937;1637.97;Dominique_MANENT;female;55;8
6776;1637.97;1643.381;Dominique_HERMIER;male;55;8
6777;1643.381;1646.017;Dominique_MANENT;female;55;8
6778;1651.966;1653.552;unk_553;female;55;8
6779;1655.393;1656.569;unk_553;female;55;8
6780;1662.796;1663.834;unk_559;female;55;8
6781;1664.799;1667.092;unk_559;female;55;8
6782;1668.226;1669.361;unk_559;female;55;8
6783;1670.24;1804.108;Olivier_BOST;male;55;8
6784;1810.315;1813.949;Jerome_COLOMBAIN;male;55;8
6785;1813.949;1842.615;Stephane_PAIR;male;55;8
6786;1842.615;1888.96;Marc_BLONDEL;male;55;8
6787;1888.96;1955.875;Stephane_PAIR;male;55;8
6788;1955.875;1999.344;Laurent_VAREILLE;male;55;8
6789;2001.185;2002.681;unk_553;female;55;8
6790;2003.985;2004.967;unk_553;female;55;8
6791;2006.205;2045.875;Stephane_PAIR;male;55;8
6792;2045.875;2093.944;Laurence_SIMON;female;55;8
6793;2093.944;2113.247;Stephane_PAIR;male;55;8
6794;2114.199;2185.34;Stephane_PAIR;male;55;8
6795;2185.34;2235.181;Frederic_BOBIN;male;55;8
6796;2238.204;2259.636;Stephane_PAIR;male;55;8
6797;2262.658;2265.401;Stephane_PAIR;male;55;8
6798;2265.401;2312.288;Jerome_COLOMBAIN;male;55;8
6799;2315.061;2321.619;unk_554;female;55;8
6800;2323.553;2324.757;unk_554;female;55;8
6801;2326.948;2390.38;Joel_COLLADO;male;55;8
6802;2392.592;2393.678;unk_555;female;55;8
6803;2397.146;2417.39;Christian_BEX;male;55;8
6804;2417.39;2469.34;Daniel_SEITE;male;55;8
6805;2469.34;2474.342;Christian_BEX;male;55;8
6806;2474.342;2501.157;Jimmy_PAHUN;male;55;8
6807;2501.157;2510.141;Christian_BEX;male;55;8
6808;2513.077;2513.898;unk_553;female;55;8
6809;2515.346;2517.711;unk_553;female;55;8
6810;2519.466;2546.813;Jerome_COLOMBAIN;male;55;8
6811;2546.813;2584.266;Benedicte_TASSART;female;55;8
6812;2584.266;2615.143;Jean-Francois_ROUBAUD;male;55;8
6813;2615.143;2637.057;Benedicte_TASSART;female;55;8
6814;2637.057;2666.515;Alain_OLIVE;male;55;8
6815;2666.515;2677.471;Benedicte_TASSART;female;55;8
6816;2677.471;2687.674;Jerome_COLOMBAIN;male;55;8
6817;2687.674;2695.888;unk_556;female;55;8
6818;2695.888;2702.601;Jerome_COLOMBAIN;male;55;8
6819;2702.601;2751.124;Michel_BERGA;male;55;8
6820;2753.885;2820.545;Jerome_COLOMBAIN;male;55;8
6821;2825.823;2855.995;Jerome_COLOMBAIN;male;55;8
6822;2855.995;2893.881;Christophe_LURIE;male;55;8
6823;2894.626;2924.467;unk_560;male;55;8
6824;2928.706;2942.094;unk_560;male;55;8
6825;2943.646;2957.51;unk_560;male;55;8
6826;2959.434;2971.913;unk_560;male;55;8
6827;2974.663;2976.2;unk_553;female;55;8
6828;2977.583;2979.141;unk_553;female;55;8
6829;2979.141;2993.735;Jerome_COLOMBAIN;male;55;8
6830;2996.61;2999.241;unk_561;female;55;8
6831;3001.099;3001.872;unk_561;female;55;8
6832;3007.318;3052.066;Gerald_ROUX;male;55;8
6833;3069.537;3088.264;Gerald_ROUX;male;55;8
6834;3114.856;3120.366;Gerald_ROUX;male;55;8
6835;3124.847;3127.285;unk_562;female;55;8
6836;3128.443;3130.367;unk_562;female;55;8
6837;3130.367;3153.526;Florence_LEROY;female;55;8
6838;3154.975;3196.232;Florence_LEROY;female;55;8
6839;3196.232;3229.868;Marin_KARMITZ;male;55;8
6840;3229.868;3234.216;Florence_LEROY;female;55;8
6841;3237.529;3239.55;Jerome_COLOMBAIN;male;55;8
6842;3239.55;3302.185;Stephane_PAIR;male;55;8
6843;3304.147;3304.976;Stephane_PAIR;male;55;8
6844;3304.976;3321.768;Jerome_COLOMBAIN;male;55;8
6845;3432.884;3434.44;unk_553;female;55;8
6846;3435.798;3437.168;unk_553;female;55;8
6847;3437.168;3467.016;unk_563;female;55;8
6848;3468.701;3475.467;unk_563;female;55;8
6849;3477.611;3478.745;unk_553;female;55;8
6850;3480.966;3481.907;unk_553;female;55;8
6851;3483.565;3497.509;Philippe_VALLET;male;55;8
6852;3497.509;3515.594;Pascal_LAINE;male;55;8
6853;3515.594;3516.644;Philippe_VALLET;male;55;8
6854;3516.644;3543.809;Pascal_LAINE;male;55;8
6855;3543.809;3549.199;Philippe_VALLET;male;55;8
6856;3549.199;3588.418;Pascal_LAINE;male;55;8
6857;3588.418;3591.749;Philippe_VALLET;male;55;8
6858;3597.359;3600.858;Jerome_COLOMBAIN;male;55;8
7234;5.546;44.959;Bernard_THOMASSON;male;59;8
7235;44.959;64.737;Frank_NOBLESSE;male;59;8
7236;64.737;109.227;Franck_COGNARD;male;59;8
7237;109.227;169.793;Frank_NOBLESSE;male;59;8
7238;169.793;197.663;Joelle_COUSTON;female;59;8
7239;197.663;235.756;Frank_NOBLESSE;male;59;8
7240;237.654;238.965;unk_574;female;59;8
7241;240.337;241.341;unk_574;female;59;8
7242;241.846;265.113;Frank_NOBLESSE;male;59;8
7243;265.113;311.611;Nicolas_HENIN;male;59;8
7244;311.611;358.484;Frank_NOBLESSE;male;59;8
7245;360.361;376.348;Frank_NOBLESSE;male;59;8
7246;376.348;420.964;Bernard_CRESSENS;male;59;8
7247;420.964;469.314;Frank_NOBLESSE;male;59;8
7248;469.956;471.537;Frank_NOBLESSE;male;59;8
7249;471.537;495.633;Bernard_THOMASSON;male;59;8
7250;498.236;499.509;unk_575;female;59;8
7251;500.143;506.448;unk_575;female;59;8
7252;506.86;508.022;unk_575;female;59;8
7253;509.571;567.215;Jacques_KESSLER;male;59;8
7254;569.482;570.521;unk_576;female;59;8
7255;573.402;576.126;Bernard_THOMASSON;male;59;8
7256;576.126;605.816;Vincent_PELLEGRINI;male;59;8
7257;605.816;630.232;Sean_MAC_CARTHAIGH;male;59;8
7258;630.232;640.733;Vincent_PELLEGRINI;male;59;8
7259;640.733;677.142;Sean_MAC_CARTHAIGH;male;59;8
7260;677.142;685.406;Vincent_PELLEGRINI;male;59;8
7261;685.822;687.136;Vincent_PELLEGRINI;male;59;8
7262;689.312;693.009;unk_577;female;59;8
7263;693.986;708.803;Bernard_THOMASSON;male;59;8
7264;708.803;748.68;Christian_ROUDAUT;male;59;8
7265;748.68;752.578;Bernard_THOMASSON;male;59;8
7266;752.578;819.727;Christian_ROUDAUT;male;59;8
7267;819.727;822.482;Bernard_THOMASSON;male;59;8
7268;876.516;878.984;Bernard_THOMASSON;male;59;8
7269;878.984;961.23;Frank_NOBLESSE;male;59;8
7270;967.913;971.275;unk_578;female;59;8
7271;971.275;972.947;Bernard_THOMASSON;male;59;8
7272;972.947;973.482;Christophe_DE_PONFILLY;male;59;8
7273;973.482;988.916;Bernard_THOMASSON;male;59;8
7274;989.394;1020.691;Christophe_DE_PONFILLY;male;59;8
7275;1020.691;1027.142;Bernard_THOMASSON;male;59;8
7276;1027.142;1070.3;Christophe_DE_PONFILLY;male;59;8
7277;1072.691;1076.501;Bernard_THOMASSON;male;59;8
7278;1076.501;1124.104;Christophe_DE_PONFILLY;male;59;8
7279;1124.905;1128.071;Bernard_THOMASSON;male;59;8
7280;1128.071;1128.442;Christophe_DE_PONFILLY;male;59;8
7281;1130.447;1160.649;Christophe_DE_PONFILLY;male;59;8
7282;1160.649;1173.231;Bernard_THOMASSON;male;59;8
7283;1173.721;1221.485;Christophe_DE_PONFILLY;male;59;8
7284;1222.831;1231.474;Bernard_THOMASSON;male;59;8
7285;1232.444;1235.797;Christophe_DE_PONFILLY;male;59;8
7286;1237.096;1238.847;Bernard_THOMASSON;male;59;8
7287;1238.847;1298.511;Christophe_DE_PONFILLY;male;59;8
7288;1298.511;1305.297;Bernard_THOMASSON;male;59;8
7289;1305.297;1320.464;Christophe_DE_PONFILLY;male;59;8
7290;1321.408;1363.374;Christophe_DE_PONFILLY;male;59;8
7291;1363.374;1367.636;Bernard_THOMASSON;male;59;8
7292;1369.151;1378.445;Christophe_DE_PONFILLY;male;59;8
7293;1379.475;1380.634;Christophe_DE_PONFILLY;male;59;8
7294;1381.974;1417.431;Christophe_DE_PONFILLY;male;59;8
7295;1418.436;1421.064;Bernard_THOMASSON;male;59;8
7296;1421.064;1446.349;Christophe_DE_PONFILLY;male;59;8
7297;1446.349;1462.023;Bernard_THOMASSON;male;59;8
7298;1465.192;1467.737;Bernard_THOMASSON;male;59;8
7299;1467.737;1526.813;Frank_NOBLESSE;male;59;8
7300;1528.947;1557.511;Bernard_THOMASSON;male;59;8
7301;1557.511;1583.037;Henri_VERNET;male;59;8
7302;1583.037;1588.229;Bertrand_GALLICHER;male;59;8
7303;1588.229;1601.639;Henri_VERNET;male;59;8
7304;1602.116;1613.656;Henri_VERNET;male;59;8
7305;1613.656;1620.687;Bertrand_GALLICHER;male;59;8
7306;1620.687;1647.162;Henri_VERNET;male;59;8
7307;1647.162;1653.491;Bertrand_GALLICHER;male;59;8
7308;1653.491;1680.691;Henri_VERNET;male;59;8
7309;1681.522;1687.246;Bernard_THOMASSON;male;59;8
7310;1688.456;1689.06;unk_579;female;59;8
7311;1689.891;1694.312;unk_579;female;59;8
7312;1695.067;1695.923;unk_579;female;59;8
7313;1697.812;1822.912;Antoine_VERLAIN;male;59;8
7475;5.278;39.885;Bernard_THOMASSON;male;61;8
7476;39.885;58.479;Emmanuel_LANGLOIS;male;61;8
7477;58.479;89.071;Jean-Pierre_CHEVENEMENT;male;61;8
7478;89.071;90.881;unk_585;female;61;8
7479;90.881;103.78;Jean-Pierre_CHEVENEMENT;male;61;8
7480;103.78;146.351;Emmanuel_LANGLOIS;male;61;8
7481;148.845;165.044;Emmanuel_LANGLOIS;male;61;8
7482;165.044;210.336;Sylvie_JOHNSSON;female;61;8
7483;210.336;298.408;Emmanuel_LANGLOIS;male;61;8
7484;298.408;344.807;Anne-Catherine_DELHAYE;female;61;8
7485;344.807;398.133;Emmanuel_LANGLOIS;male;61;8
7486;399.96;401.4;unk_586;female;61;8
7487;402.538;403.748;unk_586;female;61;8
7488;404.329;462.433;Emmanuel_LANGLOIS;male;61;8
7489;463.683;465.104;Emmanuel_LANGLOIS;male;61;8
7490;465.104;479.639;Bernard_THOMASSON;male;61;8
7491;482.454;483.806;unk_587;female;61;8
7492;484.387;492.378;unk_587;female;61;8
7493;493.102;544.079;Joel_COLLADO;male;61;8
7494;546.53;547.644;unk_588;female;61;8
7495;550.429;553.59;Bernard_THOMASSON;male;61;8
7496;553.59;580.132;Christian_BEX;male;61;8
7497;580.132;610.343;Marcus_HUTCHINSON;male;61;8
7498;610.343;624.187;Christian_BEX;male;61;8
7499;624.187;655.353;Pierre_MAS;male;61;8
7500;655.836;668.681;Christian_BEX;male;61;8
7501;669.804;670.918;unk_589;female;61;8
7502;671.547;674.138;unk_589;female;61;8
7503;675.092;696.605;Bernard_THOMASSON;male;61;8
7504;696.605;710.7;Ilana_MORYOUSSEF;female;61;8
7505;710.7;729.119;Jean-Pierre_RAFFARIN;male;61;8
7506;729.119;738.775;Ilana_MORYOUSSEF;female;61;8
7507;738.775;767.751;Herve_MORIN;male;61;8
7508;767.751;786.054;Ilana_MORYOUSSEF;female;61;8
7509;786.054;800.547;Nicolas_DUPONT-AIGNAN;male;61;8
7510;800.547;813.95;Ilana_MORYOUSSEF;female;61;8
7511;815.344;820.083;unk_590;female;61;8
7512;820.083;824.935;unk_591;male;61;8
7513;824.935;825.855;unk_592;male;61;8
7514;825.855;828.58;unk_591;male;61;8
7515;828.58;835.043;unk_592;male;61;8
7516;835.043;836.434;unk_591;male;61;8
7517;836.434;838.229;unk_592;male;61;8
7518;838.229;840.767;unk_591;male;61;8
7519;840.767;846.854;unk_592;male;61;8
7520;846.854;848.194;unk_591;male;61;8
7521;848.194;853.586;unk_592;male;61;8
7522;853.586;854.742;unk_591;male;61;8
7523;854.742;857.605;unk_592;male;61;8
7524;857.605;858.443;unk_591;male;61;8
7525;858.443;858.952;unk_591;male;61;8
7526;858.952;860.529;unk_590;female;61;8
7527;862.821;865.625;Bernard_THOMASSON;male;61;8
7528;865.625;941.4;Emmanuel_LANGLOIS;male;61;8
7529;948.421;950.31;unk_593;female;61;8
7530;951.666;953.017;Bernard_THOMASSON;male;61;8
7531;953.017;953.582;Claude_THELOT;male;61;8
7532;953.582;965.145;Bernard_THOMASSON;male;61;8
7533;965.574;1000.174;Claude_THELOT;male;61;8
7534;1000.778;1005.459;Claude_THELOT;male;61;8
7535;1005.459;1010.239;Bernard_THOMASSON;male;61;8
7536;1010.239;1034.174;Claude_THELOT;male;61;8
7537;1035.672;1049.832;Bernard_THOMASSON;male;61;8
7538;1049.832;1057.374;Claude_THELOT;male;61;8
7539;1057.935;1092.153;Claude_THELOT;male;61;8
7540;1092.153;1098.564;Bernard_THOMASSON;male;61;8
7541;1099.72;1102.447;Claude_THELOT;male;61;8
7542;1102.804;1123.873;Claude_THELOT;male;61;8
7543;1123.873;1129.663;Bernard_THOMASSON;male;61;8
7544;1130.831;1131.542;Bernard_THOMASSON;male;61;8
7545;1132.924;1137.738;Claude_THELOT;male;61;8
7546;1138.294;1156.407;Claude_THELOT;male;61;8
7547;1156.407;1160.647;Bernard_THOMASSON;male;61;8
7548;1162.001;1162.937;Bernard_THOMASSON;male;61;8
7549;1166.894;1179.96;Claude_THELOT;male;61;8
7550;1180.742;1206.802;Claude_THELOT;male;61;8
7551;1206.802;1224.899;Bernard_THOMASSON;male;61;8
7552;1224.899;1270.987;Claude_THELOT;male;61;8
7553;1271.659;1282.204;Claude_THELOT;male;61;8
7554;1282.718;1292.725;Claude_THELOT;male;61;8
7555;1292.725;1303.075;Bernard_THOMASSON;male;61;8
7556;1303.384;1356.017;Claude_THELOT;male;61;8
7557;1357.012;1358.419;Claude_THELOT;male;61;8
7558;1358.419;1361.8;Bernard_THOMASSON;male;61;8
7559;1361.8;1388.064;Claude_THELOT;male;61;8
7560;1388.064;1393.23;Bernard_THOMASSON;male;61;8
7561;1397.288;1398.074;Claude_THELOT;male;61;8
7562;1399.858;1422.882;Claude_THELOT;male;61;8
7563;1422.882;1424.209;Bernard_THOMASSON;male;61;8
7564;1427.312;1430.165;Bernard_THOMASSON;male;61;8
7565;1430.165;1503.303;Emmanuel_LANGLOIS;male;61;8
7566;1504.61;1509.463;Bernard_THOMASSON;male;61;8
7567;1509.85;1511.286;Claude_THELOT;male;61;8
7568;1512.393;1518.52;Claude_THELOT;male;61;8
7569;1518.52;1534.618;Bernard_THOMASSON;male;61;8
7570;1535.047;1540.46;Isabelle_LABEYRIE;female;61;8
7571;1542.333;1550.741;unk_594;male;61;8
7572;1551.344;1553.89;Isabelle_LABEYRIE;female;61;8
7573;1553.89;1570.16;unk_594;male;61;8
7574;1570.16;1593.135;Isabelle_LABEYRIE;female;61;8
7575;1593.135;1607.154;unk_595;female;61;8
7576;1607.154;1625.846;Isabelle_LABEYRIE;female;61;8
7577;1625.846;1648.581;Eymard_DU_CHATENET;male;61;8
7578;1648.581;1654.181;Isabelle_LABEYRIE;female;61;8
7579;1656.627;1658.467;unk_596;female;61;8
7580;1660.185;1661.215;unk_596;female;61;8
7581;1662.679;1670.088;unk_597;female;61;8
7582;1671.226;1817.984;Vincent_BEZAULT;male;61;8
7583;5.611;7.623;unk_598;male;62;8
7584;7.623;12.886;unk_599;female;62;8
7585;12.886;37.738;Bernard_THOMASSON;male;62;8
7586;38.707;39.776;Bernard_THOMASSON;male;62;8
7587;39.776;82.217;Virginie_LEBRUN;female;62;8
7588;82.217;125.65;Jean_PRUNETTA;male;62;8
7589;125.65;201.468;Virginie_LEBRUN;female;62;8
7590;203.357;204.664;unk_600;female;62;8
7591;205.971;207.26;unk_600;female;62;8
7592;207.26;244.37;Virginie_LEBRUN;female;62;8
7593;244.37;277.876;Jean-Michel_LEMETEYER;male;62;8
7594;277.876;326.203;Virginie_LEBRUN;female;62;8
7595;326.203;363.305;Philipple_DOUSTE-BLAZY;male;62;8
7596;363.305;365.43;Virginie_LEBRUN;female;62;8
7597;368.596;385.671;Virginie_LEBRUN;female;62;8
7598;385.671;425.871;Bertrand_GALLICHER;male;62;8
7599;425.871;463.472;Virginie_LEBRUN;female;62;8
7600;464.707;466.236;Virginie_LEBRUN;female;62;8
7601;466.236;490.613;Bernard_THOMASSON;male;62;8
7602;493.184;494.492;unk_601;female;62;8
7603;495.176;503.16;unk_601;female;62;8
7604;504.274;555.482;Jean-Michel_GOLINSKY;male;62;8
7605;558.248;559.278;unk_602;female;62;8
7606;562.232;565.885;Bernard_THOMASSON;male;62;8
7607;565.885;599.975;Richard_PLACE;male;62;8
7608;599.975;624.171;Raymond_DOMENECH;male;62;8
7609;624.171;639.478;Richard_PLACE;male;62;8
7610;639.478;647.668;Raymond_DOMENECH;male;62;8
7611;651.497;657.526;Raymond_DOMENECH;male;62;8
7612;657.526;675.637;Richard_PLACE;male;62;8
7613;677.385;681.162;unk_603;female;62;8
7614;682.3;695.53;Bernard_THOMASSON;male;62;8
7615;695.53;729.093;Yves_IZARD;male;62;8
7616;729.093;760.273;Marie-George_BUFFET;female;62;8
7617;760.273;780.936;Yves_IZARD;male;62;8
7618;780.936;801.639;Francois_HOLLANDE;male;62;8
7619;801.639;814.226;Yves_IZARD;male;62;8
7620;815.416;817.402;unk_604;female;62;8
7621;817.402;837.083;unk_605;male;62;8
7622;837.083;844.515;unk_604;female;62;8
7623;844.515;846.949;unk_605;male;62;8
7624;846.949;896.202;Bernard_THOMASSON;male;62;8
7625;896.506;897.509;Virginie_LEBRUN;female;62;8
7626;897.509;897.834;Bernard_THOMASSON;male;62;8
7627;900.912;904.12;Bernard_THOMASSON;male;62;8
7628;904.12;993.939;Virginie_LEBRUN;female;62;8
7629;996.057;1020.345;Bernard_THOMASSON;male;62;8
7630;1020.345;1097.443;Claude_EVIN;male;62;8
7631;1097.443;1100.264;Christophe_LURIE;male;62;8
7632;1102.736;1123.98;Claude_EVIN;male;62;8
7633;1123.98;1138.148;Bernard_THOMASSON;male;62;8
7634;1142.37;1143.436;unk_606;female;62;8
7635;1144.075;1153.543;Bernard_THOMASSON;male;62;8
7636;1153.543;1159.549;Jean-Jacques_VANIER;male;62;8
7637;1160.266;1160.921;Bernard_STEPHANE;male;62;8
7638;1160.921;1181.91;Jean-Jacques_VANIER;male;62;8
7639;1181.91;1182.938;Bernard_STEPHANE;male;62;8
7640;1182.938;1192.418;Jean-Jacques_VANIER;male;62;8
7641;1192.418;1193.923;Bernard_STEPHANE;male;62;8
7642;1193.923;1212.224;Jean-Jacques_VANIER;male;62;8
7643;1212.224;1212.963;Bernard_STEPHANE;male;62;8
7644;1212.963;1214.101;Jean-Jacques_VANIER;male;62;8
7645;1214.101;1214.635;Bernard_STEPHANE;male;62;8
7646;1214.635;1219.68;Jean-Jacques_VANIER;male;62;8
7647;1219.68;1220.825;Bernard_STEPHANE;male;62;8
7648;1220.825;1221.458;Jean-Jacques_VANIER;male;62;8
7649;1223.282;1231.215;Jean-Jacques_VANIER;male;62;8
7650;1231.215;1232.613;Bernard_STEPHANE;male;62;8
7651;1232.613;1234.082;Jean-Jacques_VANIER;male;62;8
7652;1240.088;1260.341;Jean-Jacques_VANIER;male;62;8
7653;1260.341;1263.359;Bernard_STEPHANE;male;62;8
7654;1263.359;1269.763;Jean-Jacques_VANIER;male;62;8
7655;1271.466;1272.583;Jean-Jacques_VANIER;male;62;8
7656;1272.583;1279.852;Bernard_STEPHANE;male;62;8
7657;1279.852;1302.419;Jean-Jacques_VANIER;male;62;8
7658;1302.419;1309.264;Bernard_STEPHANE;male;62;8
7659;1309.88;1312.881;Jean-Jacques_VANIER;male;62;8
7660;1314.053;1316.374;Jean-Jacques_VANIER;male;62;8
7661;1316.374;1317.648;Bernard_STEPHANE;male;62;8
7662;1317.648;1320.952;Jean-Jacques_VANIER;male;62;8
7663;1320.952;1322.714;Bernard_STEPHANE;male;62;8
7664;1323.735;1324.89;Bernard_STEPHANE;male;62;8
7665;1325.68;1327.027;Jean-Jacques_VANIER;male;62;8
7666;1327.027;1333.229;Bernard_STEPHANE;male;62;8
7667;1333.229;1335.034;Jean-Jacques_VANIER;male;62;8
7668;1335.705;1349.388;Jean-Jacques_VANIER;male;62;8
7669;1349.388;1357.531;Bernard_STEPHANE;male;62;8
7670;1357.531;1365.4;Jean-Jacques_VANIER;male;62;8
7671;1366.295;1377.66;Bernard_THOMASSON;male;62;8
7672;1380.205;1382.885;Bernard_THOMASSON;male;62;8
7673;1382.885;1457.296;Virginie_LEBRUN;female;62;8
7674;1457.296;1476.834;Bernard_THOMASSON;male;62;8
7675;1476.834;1492.273;Stephane_IGLESIS;male;62;8
7676;1492.273;1521.064;Emmanuel_BUTSTRAEN;male;62;8
7677;1521.064;1540.53;Stephane_IGLESIS;male;62;8
7678;1540.53;1580.205;Frank_ALETRU;male;62;8
7679;1580.205;1596.086;Stephane_IGLESIS;male;62;8
7680;1598.987;1599.73;unk_607;female;62;8
7681;1599.73;1603.793;Marie-Carrere_D_ENCAUSSE;female;62;8
7682;1603.793;1604.628;Michel_CYMES;male;62;8
7683;1604.628;1606.895;Marie-Carrere_D_ENCAUSSE;female;62;8
7684;1606.895;1607.262;Michel_CYMES;male;62;8
7685;1607.262;1611.866;Marie-Carrere_D_ENCAUSSE;female;62;8
7686;1611.866;1617.97;Michel_CYMES;male;62;8
7687;1617.97;1626.102;unk_607;female;62;8
7688;1626.859;1628.227;unk_607;female;62;8
7689;1631.913;1663.335;unk_607;female;62;8
7690;1667.903;1669.09;unk_608;female;62;8
7691;1670.47;1671.6;unk_608;female;62;8
7692;1673.8;1699.568;Aurelie_KIEFFER;female;62;8
7693;1701.402;1710.821;Aurelie_KIEFFER;female;62;8
7694;1710.821;1716.383;unk_609;male;62;8
7695;1716.383;1738.939;Aurelie_KIEFFER;female;62;8
7696;1738.939;1750.056;unk_610;male;62;8
7697;1751.634;1756.704;unk_610;male;62;8
7698;1759.045;1785.16;Aurelie_KIEFFER;female;62;8
7699;1786.586;1787.724;unk_611;female;62;8
7700;1789.153;1791.191;unk_611;female;62;8
7701;1791.191;1794.63;Bernard_THOMASSON;male;62;8
7702;1794.63;1816.441;Sebastien_DARRAS;male;62;8
7703;1822.363;1825.107;Bernard_THOMASSON;male;62;8
7704;1825.107;1877.735;Sophie_AUVIGNE;female;62;8
7705;1877.735;1922.097;Jean-Philippe_DENIAU;male;62;8
7706;1922.097;2080.433;Sophie_AUVIGNE;female;62;8
7707;2080.433;2108.624;Jean-Marc_VENTILLARD;male;62;8
7708;2109.26;2123.957;Jean-Marc_VENTILLARD;male;62;8
7709;2123.957;2203.843;Sophie_AUVIGNE;female;62;8
7710;2203.843;2244.935;Stephane_HISCOCK;male;62;8
7711;2244.935;2262.702;Sophie_AUVIGNE;female;62;8
7712;2263.75;2264.885;unk_612;male;62;8
7713;2264.885;2274.541;Bernard_THOMASSON;male;62;8
7714;2274.541;2312.998;Cedric_DECOEUR;male;62;8
7715;2312.998;2320.6;Bernard_THOMASSON;male;62;8
7716;2325.121;2329.412;Bernard_THOMASSON;male;62;8
7717;2332.136;2333.588;unk_613;female;62;8
7718;2334.169;2342.054;unk_613;female;62;8
7719;2343.964;2395.051;Jean-Michel_GOLINSKY;male;62;8
7720;2397.692;2398.763;unk_614;female;62;8
7721;2401.596;2404.477;Bernard_THOMASSON;male;62;8
7722;2404.477;2449.439;Jacques_VENDROUX;male;62;8
7723;2449.439;2507.011;Roland_FAURE;male;62;8
7724;2507.011;2519.763;Jacques_VENDROUX;male;62;8
7725;2521.579;2525.332;unk_614;female;62;8
7726;2526.373;2548.008;Bernard_THOMASSON;male;62;8
7727;2548.008;2599.312;Mathieu_ARON;male;62;8
7728;2599.312;2602.265;Bernard_THOMASSON;male;62;8
7729;2602.265;2652.062;Mathieu_ARON;male;62;8
7730;2652.062;2653.395;Bernard_THOMASSON;male;62;8
7731;2653.395;2661.861;Mathieu_ARON;male;62;8
7732;2661.861;2666.393;Bernard_THOMASSON;male;62;8
7733;2711.083;2713.467;Bernard_THOMASSON;male;62;8
7734;2713.467;2818.749;Sophie_AUVIGNE;female;62;8
7735;2821.315;2831.398;Bernard_THOMASSON;male;62;8
7736;2831.398;2832.428;Marc_CREPIN;male;62;8
7737;2832.428;2835.444;Bernard_THOMASSON;male;62;8
7738;2835.444;2897.693;Marc_CREPIN;male;62;8
7739;2897.693;2907.614;Bernard_THOMASSON;male;62;8
7740;2907.614;2950.931;Marc_CREPIN;male;62;8
7741;2955.483;2967.689;Marc_CREPIN;male;62;8
7742;2967.689;2983.412;Bernard_THOMASSON;male;62;8
7743;2985.406;2986.561;unk_615;female;62;8
7744;2990.629;2991.956;unk_615;female;62;8
7745;2993.312;3101.927;Frederick_GERSAL;male;62;8
7746;3103.295;3106.927;unk_616;female;62;8
7747;3108.404;3109.47;unk_616;female;62;8
7748;3110.753;3142.451;Sophie_MASSIEU;female;62;8
7749;3142.451;3179.413;Chantal_DOUSSOUS;female;62;8
7750;3179.413;3187.08;Sophie_MASSIEU;female;62;8
7751;3187.08;3209.037;Chantal_DOUSSOUS;female;62;8
7752;3209.037;3222.018;Sophie_MASSIEU;female;62;8
7753;3224.554;3226.789;Bernard_THOMASSON;male;62;8
7754;3226.789;3332.757;Sophie_AUVIGNE;female;62;8
7755;3334.123;3334.855;Sophie_AUVIGNE;female;62;8
7756;3334.855;3359.928;Bernard_THOMASSON;male;62;8
7757;3359.928;3369.226;Florent_GUYOTAT;male;62;8
7758;3369.226;3398.706;Jean-Michel_LEMETEYER;male;62;8
7759;3398.706;3403.606;Florent_GUYOTAT;male;62;8
7760;3403.606;3411.179;Jean-Michel_LEMETEYER;male;62;8
7761;3411.179;3427.217;Florent_GUYOTAT;male;62;8
7762;3427.217;3457.327;Bernard_LAYRE;male;62;8
7763;3457.327;3467.921;Florent_GUYOTAT;male;62;8
7764;3471.874;3475.984;unk_617;female;62;8
7765;3478.21;3605.55;Cedric_DECOEUR;male;62;8
